"id","symptoms","year","age","major","living","first_gen","therapy","credits","work_hours","gpa","baseline_symptoms","perceived_stress","sleep_hours","loneliness","social_support","exercise_days","screen_time","alcohol_days","caffeine","stress_item1","stress_item2","stress_item3","stress_item4","stress_item5","mood_item1","mood_item2","mood_item3","mood_item4","mood_item5"
67653,20,1,19,"Psychology",1,0,2,17,0,NA,14,29,"5.5",5,5.3,3,3.8,7,2,5,4,5,5,4,2,2,2,3,3
97396,17,1,25,"Psychology",1,1,2,12,13,NA,16,-99,"6.4",6,4,2,7,6,1,1,3,2,3,3,3,2,2,3,4
66453,16,3,20,"Psychology",2,9,2,18,26,3.09,13,28,"7.1",5,3.5,5,4.5,6,2,2,5,4,4,4,1,2,1,1,1
70625,16,4,21,"Biology",1,1,1,18,24,3.62,27,22,"7.9",4,7,6,3.4,2,2,4,3,2,3,3,3,5,3,4,5
61738,13,2,20,"Other",3,0,2,17,0,3.28,16,28,"6.9",5,4.7,5,3.5,4,5,3,3,4,4,3,1,3,2,4,2
12492,25,4,21,"Psychology",2,0,2,14,1,3.66,19,20,"7.1",7,4.3,1,6.2,3,1,3,3,4,4,3,2,3,4,3,4
24434,14,4,21,"Psychology",3,0,2,18,25,NA,16,12,"9.0",4,5,4,5.5,2,1,3,3,1,2,3,3,4,4,3,4
55690,13,3,21,"Psychology",2,9,2,13,0,3.68,10,8,"7.0",4,6.6,2,2.4,4,1,2,2,2,2,3,4,2,5,3,3
88825,32,4,21,"Business",4,0,2,18,30,NA,24,27,"6.2",7,4.1,0,4,2,1,2,1,3,4,4,4,3,4,2,4
19522,27,4,21,"Biology",2,0,2,16,22,2.07,25,20,"6.5",8,4.6,2,6.3,6,1,4,5,3,3,2,4,5,3,5,4
69449,36,4,21,"Psychology",4,0,2,15,19,3.36,23,28,"not reported",8,4.7,2,3.3,6,2,4,4,4,4,3,4,5,3,3,3
15158,8,2,21,"Humanities",2,0,2,16,0,3.43,17,15,"6.1",5,NA,3,7.7,0,4,4,4,2,3,4,4,4,5,1,2
93829,16,4,21,"Business",1,1,2,17,0,3.05,13,15,"6.8",3,6,4,4.3,5,0,1,3,2,3,4,2,2,2,1,1
75552,12,4,21,"Psychology",4,0,2,14,8,3.28,2,19,"6.2",5,NA,3,3.3,3,0,2,3,4,3,5,1,2,1,1,2
11813,11,2,19,"Psychology",1,1,2,12,18,3.18,15,15,"7.6",5,4.8,5,5.2,6,0,3,4,2,3,3,3,2,3,3,3
33803,20,1,21,"Biology",1,0,2,18,12,2.89,31,18,"6.5",5,5.8,3,7.6,2,1,3,4,3,4,3,3,4,4,3,3
31154,7,2,19,"Psychology",2,0,2,13,0,3.9,16,10,"7.7",5,6.5,2,4.1,0,1,1,2,2,3,1,4,3,4,5,4
17568,NA,1,18,"Engineering",1,1,2,14,0,3.25,15,10,"9.1",4,6.6,3,2.6,2,2,1,2,1,3,1,3,3,3,5,5
45698,19,4,22,"Humanities",1,0,2,15,0,3.27,16,23,"7.9",4,NA,5,4.2,3,1,5,5,4,4,3,3,4,5,2,2
59539,23,4,21,"Biology",2,0,2,17,14,2.58,22,15,"5.6",6,5.6,3,4.1,7,0,4,3,3,3,2,4,3,1,1,2
62004,16,3,22,"Other",1,0,2,15,24,3.72,16,24,"7.3",3,NA,2,5.4,6,3,5,4,5,5,5,2,5,4,2,3
27634,12,1,18,"Psychology",3,0,2,12,24,NA,17,12,"8.0",5,4.2,2,3.9,2,3,2,1,2,2,3,1,1,2,2,2
73981,5,1,18,"Other",1,0,2,12,0,3.05,8,12,"6.6",3,5.5,4,6.4,2,2,3,3,4,5,3,2,1,1,2,1
50956,9,3,20,"Psychology",1,1,2,18,9,3.25,11,16,"7.6",3,4.8,2,6.7,2,3,2,2,3,5,2,2,2,4,4,1
71545,23,3,20,"Business",2,0,2,14,24,NA,21,28,"5.3",4,5.3,3,3.3,6,2,2,5,4,5,5,1,1,2,3,2
35520,17,1,21,"Psychology",3,0,2,17,23,3.14,25,20,"7.6",4,3.9,3,3.7,4,2,3,3,4,3,4,3,3,5,2,4
35337,19,4,21,"Other",1,0,2,15,2,2.51,-99,24,"6.3",4,5.1,3,4.9,1,2,3,5,4,4,5,4,1,3,2,3
52179,19,3,20,"Humanities",2,0,2,17,2,3.29,22,21,"5.9",6,3.9,2,6.5,8,1,5,4,3,4,5,2,2,4,4,3
97344,20,4,22,"Psychology",3,0,2,17,2,2.94,20,18,"6.6",6,2.8,2,3.8,NA,0,4,2,4,2,1,3,3,4,4,3
81968,7,3,20,"Biology",3,1,2,12,25,3.21,16,10,"6.8",5,5,2,2.6,3,2,2,1,3,3,1,1,3,4,1,3
73244,21,1,20,"Business",1,1,2,13,0,NA,24,22,"6.6",5,4.8,2,5.6,2,3,4,4,3,1,3,5,3,3,3,3
45370,11,3,20,"Biology",2,1,2,12,0,2.81,13,27,"6.2",7,3.5,1,6.1,3,4,3,3,5,4,4,2,3,1,3,3
99336,14,2,21,"Engineering",3,9,1,14,0,3.26,21,16,"5.4",NA,5.7,3,2.8,0,1,5,3,4,3,4,5,5,3,4,1
61124,19,2,24,"Engineering",4,0,1,16,23,3.15,11,24,"6.8",6,NA,4,5.2,1,0,2,3,3,4,3,2,3,3,2,2
34065,11,3,20,"Business",1,0,2,14,1,3.35,7,8,"7.0",6,NA,2,3.1,3,1,1,2,1,3,4,3,2,3,2,3
74843,20,1,18,"Psychology",1,9,2,15,19,NA,27,20,"9.0",4,4.3,5,4.6,4,0,1,3,3,3,2,3,4,4,5,4
52749,22,1,18,"Psychology",1,1,2,13,24,2.67,23,12,"7.2",6,4,2,4.3,3,1,2,2,3,2,1,3,4,4,5,3
68935,33,1,19,"Psychology",3,0,2,13,12,2.88,29,19,"6.0",5,4.8,3,2.3,3,2,2,5,3,3,4,4,3,5,4,3
75840,30,1,18,"Biology",1,0,1,16,19,NA,22,31,"6.0",4,6.5,2,4.6,1,4,5,5,5,4,5,3,4,4,4,3
60159,13,3,20,"Psychology",2,0,2,12,0,3.71,13,14,"6.3",5,4.3,2,3.1,4,0,2,3,1,4,3,3,4,3,4,2
78825,2,2,20,"Psychology",2,0,2,15,2,3.24,0,-99,"7.5",3,5.4,3,3.3,2,1,5,3,4,5,4,1,1,1,1,1
34687,18,3,28,"Business",2,1,1,16,27,3.09,21,16,"6.9",8,4.8,3,6,3,2,3,4,3,5,1,3,3,5,4,4
25026,7,1,19,"Biology",3,1,2,17,32,2.76,6,17,"6.3",4,5,4,0.5,NA,1,5,2,3,4,2,2,3,1,2,3
59914,17,3,20,"Business",3,0,2,16,23,3.06,27,14,"7.3",6,6.3,1,4.9,4,0,3,3,2,3,2,5,4,5,5,3
15860,NA,1,19,"Psychology",1,0,2,15,6,3.4,18,18,"8.4",4,6.1,2,5.3,1,3,3,4,1,4,2,4,3,1,3,2
67176,12,3,23,"Psychology",2,0,1,13,16,3.58,17,20,"7.8",5,NA,2,2.6,1,0,2,2,3,2,3,3,4,3,4,2
64256,15,4,22,"Psychology",1,0,2,16,0,3.15,15,17,"6.2",6,5.3,2,5.9,0,1,4,5,4,3,3,2,3,1,4,2
20802,25,1,19,"Business",1,1,1,16,7,3.51,20,12,"7.4",7,5,3,4.6,1,3,4,3,1,4,4,5,5,5,5,4
22693,22,2,20,"Psychology",2,1,2,18,0,3.54,14,7,"6.9",7,3,2,1.8,3,3,4,4,5,4,4,3,2,2,3,2
62910,NA,1,19,"Other",2,0,1,16,26,3.54,18,-99,"7.3",5,4.9,2,3.1,0,0,2,3,3,3,3,3,5,3,1,3
59646,24,4,21,"Humanities",2,0,1,16,28,3.26,25,27,"6.1",6,4.7,1,4.3,1,1,3,4,2,3,4,4,5,4,3,5
39010,28,4,25,"Humanities",3,1,1,12,3,2.86,14,29,"6.2",6,4.1,4,2.4,3,2,3,4,3,4,5,2,5,3,3,3
95159,25,3,20,"Humanities",2,1,2,15,31,2.67,19,19,"6.3",4,6.6,2,5.9,1,1,4,4,4,2,4,3,3,2,2,2
35268,0,4,23,"Humanities",1,1,2,15,0,3.14,5,13,"not reported",4,5.7,2,1.8,3,0,5,3,4,1,4,1,2,1,1,1
98954,13,3,21,"Psychology",2,0,2,15,24,3.03,20,20,"5.5",5,5.3,4,5.5,3,4,2,3,3,4,4,2,2,4,3,1
42332,21,3,20,"Psychology",1,1,2,16,0,3.72,9,19,"not reported",4,4.8,2,5.8,1,0,2,1,3,3,3,2,1,2,3,2
68193,11,1,24,"Psychology",1,0,2,18,26,NA,0,10,"6.2",5,3.4,2,4.2,1,2,1,2,2,1,2,2,2,1,2,4
37152,14,2,20,"Psychology",4,0,2,18,7,3.01,12,13,"8.3",5,4.8,3,3.1,0,0,3,2,3,3,2,3,3,2,2,2
47063,19,2,19,"Engineering",1,0,2,13,0,3.27,20,15,"8.7",6,4.1,4,4,4,2,1,2,1,2,1,3,5,3,4,5
87533,13,2,19,"Other",1,0,2,14,29,3.01,25,10,"8.1",NA,5.9,2,1.6,4,1,3,2,1,1,2,4,4,3,2,3
88003,20,3,20,"Other",2,1,2,17,24,3.18,16,19,"7.1",3,6.2,2,6.3,5,1,3,3,4,4,4,2,3,2,3,4
68148,29,2,19,"Humanities",4,0,1,17,17,2.75,31,21,"6.7",7,3.8,1,4,4,1,3,4,4,3,3,5,5,5,5,3
54462,28,1,20,"Humanities",1,0,2,16,1,3.27,24,26,"6.3",5,4.5,1,2.5,4,2,5,4,4,4,3,5,4,3,1,2
58997,NA,2,19,"Psychology",2,0,2,13,14,4,12,19,"7.6",3,6.1,4,1.8,2,1,3,3,1,3,3,1,1,2,4,2
69583,31,1,18,"Business",3,1,2,15,3,3.08,30,16,"6.7",5,5.8,1,8,3,1,4,2,2,3,3,5,4,4,5,5
99326,21,3,20,"Humanities",2,1,2,17,13,3.67,13,18,"6.9",6,5.6,3,0.6,2,2,3,2,3,4,3,3,1,3,3,3
50939,NA,3,21,"Business",2,0,2,18,29,3.46,11,33,"7.1",3,6.2,6,4.8,6,7,4,5,4,5,5,1,3,3,2,1
97432,25,2,20,"Psychology",2,0,2,16,0,2.56,18,26,"6.8",4,5.1,3,5.9,2,0,5,4,3,3,2,4,4,3,1,3
14153,16,1,18,"Psychology",1,1,2,12,22,2.89,20,7,"6.0",4,6.4,3,4.4,6,2,2,3,1,3,2,4,3,4,4,5
91981,24,2,20,"Humanities",4,0,1,13,0,3.93,22,19,"8.1",6,5.7,1,4.7,2,2,4,2,2,4,3,3,3,3,4,3
81437,24,3,20,"Business",2,1,2,18,15,3.3,17,28,"7.0",6,4.5,4,3.2,1,2,5,4,4,4,5,4,4,4,3,4
26245,25,1,18,"Humanities",4,1,2,15,0,3.27,13,26,"6.4",4,5.3,3,5.9,2,4,4,4,4,3,3,3,2,3,1,2
97873,28,3,22,"Psychology",2,1,2,14,8,2.89,-99,22,"6.8",6,5.2,2,4,3,0,3,5,5,4,5,5,5,5,4,4
33737,26,3,20,"Biology",3,0,2,13,0,2.89,18,29,"not reported",5,5.2,0,4.3,NA,2,5,4,4,5,4,3,4,3,3,4
10665,28,4,21,"Business",1,1,2,16,0,3.35,19,20,"6.9",5,2.8,5,5.7,2,1,5,4,4,3,3,1,2,3,1,1
79136,17,2,19,"Biology",3,1,1,15,16,3.48,33,19,"7.0",6,5.7,4,2.5,5,2,3,5,4,3,4,5,4,4,3,3
18102,15,3,21,"Biology",1,1,2,16,14,3.38,12,-99,"6.8",4,7,4,3.3,4,2,5,3,5,2,3,3,4,2,3,3
40508,35,1,27,"Psychology",2,0,2,13,2,NA,27,24,"5.0",3,5.1,0,2.8,4,3,5,4,3,5,4,5,2,1,3,2
94299,NA,2,20,"Humanities",2,0,2,15,24,2.73,14,20,"7.4",5,6.2,6,4.9,3,1,5,4,5,3,5,4,2,2,4,3
13938,15,2,19,"Biology",3,0,2,16,8,2.97,12,17,"6.7",6,3.8,4,5,3,1,4,3,4,5,4,3,2,1,1,3
69383,9,1,20,"Business",1,0,2,17,11,3.54,15,16,"6.4",3,6.4,1,7.6,4,0,2,1,1,3,4,3,1,1,3,5
90668,11,3,21,"Engineering",4,0,1,12,18,NA,10,19,"7.9",5,NA,3,6,7,2,3,3,5,4,2,1,1,4,3,3
85415,1,3,21,"Biology",3,0,2,13,0,2.89,6,11,"6.6",4,6.3,1,4.2,4,2,2,3,2,4,1,2,4,2,1,3
64130,15,2,20,"Business",1,0,2,18,26,3.36,14,26,"6.7",5,4,2,4.4,5,1,4,4,3,4,3,4,3,3,5,4
67968,27,3,21,"Biology",1,9,1,12,25,3.64,29,16,"8.1",4,6.5,2,2.7,4,2,3,4,4,3,4,4,4,4,3,5
22868,15,2,19,"Other",1,1,2,13,22,4,13,4,"7.7",5,5.9,1,5.5,2,1,2,2,2,3,2,5,4,5,2,4
99356,13,1,19,"Other",1,0,2,15,11,NA,5,25,"7.8",5,6,4,3.8,4,1,3,4,5,4,3,1,3,1,1,1
36851,25,3,21,"Business",2,0,2,18,0,4,17,-99,"7.2",4,5.1,2,5,2,1,5,4,3,4,4,3,2,3,2,1
10798,10,2,19,"Psychology",3,0,1,15,0,2.82,11,27,"7.2",3,4.9,4,2,NA,1,1,3,2,4,2,1,2,2,1,2
33375,8,3,21,"Engineering",2,1,1,15,25,4,15,2,"8.1",7,4.9,2,8.6,1,1,1,1,1,1,1,2,5,3,5,4
82923,14,3,20,"Humanities",2,1,2,12,0,3.33,8,18,"5.5",5,4.7,3,1.9,NA,3,3,5,3,4,5,3,2,2,2,3
15194,34,1,18,"Engineering",4,0,1,15,15,NA,-99,-99,"7.7",7,3.7,5,5.9,3,3,4,3,4,5,4,4,3,1,3,3
40947,32,4,22,"Biology",2,0,1,16,9,3.48,31,30,"7.7",7,4.6,4,3.8,NA,0,5,4,4,5,5,5,3,3,4,4
89883,24,2,21,"Humanities",2,1,2,16,31,3.16,20,17,"7.6",7,2.2,3,2.8,3,2,2,3,5,2,4,3,3,3,4,5
48054,19,4,22,"Psychology",3,0,2,15,17,NA,12,22,"6.3",5,3.2,3,6.8,3,3,5,4,4,2,4,3,2,3,1,4
21386,16,1,18,"Business",1,0,2,14,15,2.67,13,12,"7.1",4,5.6,2,7,1,1,2,3,2,4,3,3,4,5,2,2
83072,7,2,21,"Engineering",2,0,2,15,6,3.52,7,16,"7.4",7,5.5,3,7.2,NA,1,3,1,2,2,3,2,3,5,3,2
14332,27,1,19,"Business",1,1,1,18,29,2.98,30,15,"not reported",6,4.8,2,3.5,5,3,3,3,4,3,5,3,5,3,5,2
27905,27,4,21,"Humanities",2,1,1,18,8,3.72,25,24,"6.6",8,4.1,2,4.1,1,2,4,4,2,4,4,4,2,3,5,5
78231,20,4,21,"Engineering",1,0,2,15,7,3.2,16,15,"6.3",4,6.9,2,6.2,1,1,3,5,2,2,3,4,3,2,4,3
49551,17,2,20,"Biology",4,1,2,15,0,3.09,20,19,"8.4",6,5.8,3,4.3,2,2,4,4,4,4,4,3,4,5,3,3
25090,0,2,19,"Psychology",2,0,2,16,30,2.8,8,10,"7.2",4,6.2,2,3.3,1,1,2,5,1,2,2,1,2,3,3,1
89947,14,2,20,"Psychology",1,1,2,16,2,3.7,9,9,"8.4",5,5.5,1,3.9,1,0,2,1,2,3,1,3,3,2,5,1
36308,21,4,26,"Humanities",3,1,2,13,16,3.12,20,-99,"6.6",3,5.4,5,4.7,3,2,5,4,5,5,4,4,2,3,2,2
17381,21,2,20,"Other",3,1,2,12,2,2.44,12,25,"6.4",5,3.4,3,6,2,1,4,2,4,5,3,2,3,2,2,4
38488,17,2,19,"Engineering",2,0,2,16,14,3.51,17,15,"6.5",8,4.3,2,4.4,2,0,2,2,3,3,3,3,3,3,4,3
82060,15,1,18,"Biology",1,1,1,14,2,NA,14,33,"6.9",3,6,4,2.1,3,3,4,5,5,5,5,2,1,3,1,2
61652,11,3,20,"Biology",4,0,1,13,0,3.57,20,12,"9.8",6,NA,4,7.7,2,1,1,2,1,1,2,5,1,4,3,5
32671,32,3,20,"Psychology",4,0,2,16,1,2.82,22,17,"5.8",9,NA,4,2.7,4,0,3,1,2,3,3,5,4,4,4,5
79499,NA,4,32,"Humanities",2,1,2,15,28,3.51,13,24,"not reported",4,5.1,3,3.5,2,2,4,4,3,3,2,2,2,3,2,4
75503,11,4,21,"Business",1,0,2,15,8,3.01,14,16,"6.6",NA,4.4,3,1.5,3,1,3,3,3,3,3,2,1,2,2,4
88025,20,1,18,"Engineering",1,0,2,16,0,3.38,-99,18,"not reported",5,4,2,3.2,4,2,5,5,4,4,4,2,2,1,1,1
13778,1,4,21,"Biology",3,0,2,16,27,2.91,13,14,"not reported",5,4.8,0,2.2,2,0,3,4,3,2,3,1,3,2,2,2
12748,15,3,20,"Psychology",3,0,2,12,2,3.62,13,15,"7.1",3,4.5,2,6.7,6,0,3,3,3,1,1,3,2,4,2,3
34280,13,2,19,"Other",2,0,2,12,0,2.95,9,15,"6.2",4,4.6,4,3.5,6,2,5,5,4,4,4,1,1,3,2,2
77863,22,2,20,"Other",1,0,2,16,26,2.74,21,-99,"6.9",7,4.5,4,5.7,3,2,3,2,3,2,2,5,4,4,5,4
40393,14,4,21,"Other",2,0,2,14,0,3.26,20,22,"9.2",6,4.2,6,3.5,3,0,2,5,3,4,4,3,3,3,2,2
22333,8,2,21,"Humanities",2,0,2,15,0,2.89,16,20,"7.3",3,5.8,3,1.9,4,2,5,5,4,2,3,2,3,3,3,4
23762,7,3,20,"Business",3,0,2,15,23,4,14,-99,"6.9",4,5.1,4,3.4,1,1,3,3,2,1,1,2,3,2,3,3
99422,17,4,22,"Other",2,0,2,16,18,3.27,-99,-99,"6.4",6,3.1,5,5.1,3,1,4,5,4,3,5,1,2,2,3,1
69488,17,4,21,"Biology",2,1,2,17,2,2.8,5,-99,"5.4",5,4,2,4,1,3,3,1,4,5,4,1,1,1,1,4
76756,23,4,21,"Other",2,1,2,15,19,3.36,21,3,"5.6",6,5.5,1,7.4,3,2,1,1,1,1,2,5,5,3,4,5
46848,6,4,21,"Business",2,1,2,13,28,3.56,2,20,"7.4",6,3.3,3,6.4,1,1,2,3,3,5,4,2,3,1,2,3
93534,9,1,19,"Humanities",1,0,1,18,19,4,17,3,"8.4",6,5.1,2,4.9,NA,1,2,2,2,2,1,3,4,4,3,4
22950,22,1,20,"Humanities",1,0,2,13,1,3.92,13,17,"6.1",3,4.7,1,6.9,1,0,3,1,2,2,2,3,2,4,3,4
11780,13,3,20,"Biology",1,0,2,12,0,NA,9,19,"8.0",5,5.1,4,3.2,7,0,3,3,4,3,3,3,4,3,5,4
62769,19,1,18,"Humanities",1,0,2,18,7,3.54,11,15,"not reported",5,4.3,2,4.1,1,0,3,3,2,3,2,1,2,1,3,2
77532,19,4,21,"Psychology",2,1,1,13,19,3.34,14,15,"6.4",5,5.3,3,4.6,2,1,3,3,5,4,3,5,2,3,4,5
89926,NA,2,19,"Biology",2,1,1,16,33,2.8,23,28,"6.7",5,5.5,2,5.8,2,0,5,4,5,2,5,5,4,5,4,3
11930,17,1,21,"Other",1,0,1,12,8,3.44,14,24,"6.2",4,6.3,2,4.4,2,2,4,4,5,2,4,4,1,1,2,1
98020,25,4,21,"Humanities",2,0,2,12,29,2.42,17,35,"5.5",4,4.2,2,5.2,2,2,5,4,5,5,5,3,4,3,2,3
54148,NA,2,20,"Humanities",1,1,2,15,2,2.8,19,28,"6.8",6,5.4,4,4.8,4,1,5,3,5,5,5,3,3,2,1,1
27992,11,1,18,"Humanities",1,0,2,15,0,3.01,12,14,"not reported",4,7,1,5,3,1,1,4,2,3,4,2,3,4,4,1
33220,14,1,19,"Engineering",2,0,1,15,8,3.13,18,11,"not reported",9,2,3,5.7,1,4,2,4,3,2,1,4,4,5,3,4
19666,22,2,20,"Engineering",3,1,2,12,14,2.59,11,15,"7.5",5,3,1,3,0,1,3,5,3,4,4,4,5,2,1,1
15257,12,4,22,"Humanities",2,0,1,13,0,3.48,16,19,"7.0",6,4.4,1,7.1,2,0,1,3,3,2,1,2,4,3,3,3
87294,17,1,18,"Other",3,9,2,14,28,NA,-99,20,"7.4",6,4.5,2,4.4,3,1,5,5,4,3,5,5,3,1,3,4
65554,15,2,20,"Engineering",2,0,1,16,13,3.75,23,15,"8.9",4,4.9,4,5.8,2,1,2,2,1,1,2,3,4,4,2,4
60196,29,2,19,"Engineering",1,1,1,14,1,3.25,33,28,"7.0",6,5.3,2,5.8,4,2,4,4,5,3,5,4,4,5,4,5
43462,14,1,18,"Biology",1,0,2,18,0,3.02,14,14,"not reported",4,5,3,4.6,6,2,2,2,2,5,3,2,2,2,2,2
41876,12,3,21,"Humanities",3,0,1,18,2,3.72,14,18,"7.6",NA,3.6,1,3.1,5,2,2,3,3,4,1,5,3,2,3,2
23473,36,1,19,"Psychology",1,1,1,14,26,3.26,35,24,"7.6",8,4,2,4.3,7,1,4,3,4,3,5,5,5,5,5,5
15661,6,2,22,"Psychology",2,0,2,15,0,3.63,0,17,"7.9",NA,6.7,4,3.6,2,2,4,1,3,2,3,2,1,2,2,1
58008,14,4,21,"Business",3,1,2,13,0,2.94,21,23,"8.7",5,5.7,4,4.6,NA,1,1,5,4,4,3,5,3,4,1,4
57198,2,2,20,"Engineering",2,0,2,16,16,3.72,9,11,"8.0",6,4.9,1,5.4,1,0,3,1,3,1,1,4,4,2,3,2
55851,16,1,18,"Engineering",1,0,2,18,0,NA,19,8,"7.9",6,5,0,4.7,1,1,2,3,2,3,3,2,4,4,5,5
24825,10,3,21,"Engineering",3,0,2,15,4,3.58,24,25,"8.4",5,6.2,3,3.3,NA,0,3,3,3,5,2,5,3,5,3,4
44526,26,4,22,"Humanities",2,0,1,14,16,3.46,23,22,"7.1",6,5.8,2,4.1,NA,1,2,4,4,2,3,5,3,4,4,5
11793,9,4,28,"Business",4,0,1,17,12,3.27,21,34,"5.7",NA,6.9,2,5.9,6,3,5,4,4,5,4,2,5,5,4,4
88257,17,1,25,"Humanities",2,9,1,12,0,2.66,19,9,"6.5",5,3.1,1,4.1,NA,1,2,4,4,3,2,4,3,3,3,1
78532,23,2,23,"Psychology",1,1,2,15,14,2.41,17,18,"7.7",6,4.3,2,6.5,5,2,4,2,1,2,2,3,4,4,2,4
34254,17,1,18,"Engineering",1,0,2,13,1,3.15,15,21,"6.8",5,5.6,1,3.3,5,0,4,2,3,3,3,3,2,3,5,5
57114,11,2,21,"Biology",2,0,2,17,3,3.38,25,3,"7.9",5,4.9,3,6.6,0,2,2,1,1,2,1,4,5,3,5,3
93254,1,1,19,"Biology",1,0,2,13,3,3.23,4,-99,"6.2",4,6.6,0,5.4,1,1,1,3,1,3,3,3,2,3,1,2
19647,14,3,20,"Psychology",2,0,2,17,0,3.03,8,15,"6.2",3,5.2,1,3.6,3,1,2,2,2,3,2,1,1,1,2,1
31947,29,3,20,"Business",1,9,2,13,22,3.75,20,24,"4.9",7,4.4,3,7.1,3,1,3,4,2,4,3,3,3,3,3,5
81222,17,3,20,"Psychology",2,9,2,18,0,3.33,19,20,"not reported",3,6.5,4,2.9,2,2,2,1,3,4,1,4,2,2,2,4
34914,14,4,21,"Business",2,0,2,18,2,3.45,-99,29,"6.8",3,5,5,3.5,3,3,3,2,3,4,4,3,1,2,1,2
30018,1,4,22,"Other",2,0,1,18,30,3.27,8,3,"8.3",5,4.2,6,2.9,1,1,1,3,1,3,1,1,2,4,2,3
38363,19,1,18,"Engineering",3,0,2,13,28,3.52,12,20,"not reported",7,4,3,3.5,2,1,3,2,4,4,3,2,2,3,2,2
55724,20,3,20,"Psychology",2,1,2,12,0,2.93,13,18,"5.7",6,NA,3,2.2,0,2,3,3,4,2,5,4,2,3,2,3
90375,14,4,28,"Engineering",2,0,2,14,23,2.79,0,9,"5.5",6,4.9,3,4.1,1,2,3,2,1,2,3,2,2,2,3,3
66968,15,2,19,"Psychology",1,1,1,13,0,3.25,24,25,"7.1",6,5.1,2,5.9,4,1,3,4,5,5,5,4,3,4,5,4
11920,14,2,20,"Biology",2,0,2,17,27,3.64,0,16,"7.7",4,4.3,4,1.8,5,1,1,2,4,2,3,2,1,1,3,3
75969,19,2,19,"Psychology",2,9,2,14,7,2.56,13,27,"7.0",5,5.8,3,2,8,2,5,5,5,5,5,2,1,3,1,2
84005,17,1,26,"Engineering",1,0,2,14,1,NA,-99,15,"7.8",5,4.4,6,4.5,4,1,4,3,4,2,3,3,3,2,2,1
22269,11,1,19,"Psychology",1,1,2,12,14,3.02,8,10,"8.1",6,4.3,4,6.6,4,3,1,2,1,2,4,3,2,2,4,1
86491,5,4,22,"Engineering",1,1,1,16,3,NA,5,16,"7.2",3,6.6,2,2.2,3,3,3,2,2,3,3,2,2,3,3,3
82039,14,4,21,"Psychology",2,0,2,17,0,2.78,19,10,"6.7",7,3.8,2,5.3,NA,1,1,4,2,3,1,5,4,4,3,3
77096,25,1,18,"Other",4,1,2,13,31,NA,16,30,"4.5",5,NA,1,3.2,7,2,5,4,5,5,5,4,2,3,3,2
71594,17,1,20,"Psychology",1,1,2,16,6,NA,23,26,"6.5",3,4,4,3.4,2,5,4,4,4,4,3,2,2,3,2,2
23374,NA,2,19,"Other",4,0,2,13,0,3.29,1,16,"8.0",7,4.4,2,2,1,1,2,5,2,3,4,2,3,2,1,2
89488,21,1,20,"Business",1,0,2,13,0,4,17,8,"7.5",8,2.8,2,4.2,2,2,2,2,2,1,1,3,3,3,3,3
88780,16,4,22,"Biology",3,0,2,12,32,2.85,13,19,"7.9",6,5.9,1,4.2,3,2,4,3,2,2,2,2,4,2,1,3
34735,0,4,21,"Other",1,0,1,17,18,3.01,6,12,"7.6",7,4.8,4,2.6,NA,4,3,3,2,2,2,3,4,4,3,2
43338,22,3,20,"Biology",2,0,2,13,2,3.16,8,16,"7.6",6,3.7,1,7.8,0,0,2,1,4,3,2,3,4,2,2,4
87174,17,1,18,"Psychology",3,1,2,12,32,3.16,18,11,"7.8",5,5.3,2,1.7,2,1,4,2,4,2,2,4,4,4,3,3
28477,NA,1,19,"Biology",1,0,2,17,0,2.85,19,20,"7.9",4,5.1,3,4.6,1,1,5,5,3,5,3,3,3,3,4,3
27007,2,1,19,"Psychology",1,0,2,12,0,2.34,3,19,"6.2",3,4.6,1,2.8,4,3,4,2,3,2,3,2,2,1,2,1
70219,14,2,21,"Psychology",3,1,2,12,2,2.66,19,27,"6.3",NA,5.5,2,4.1,3,1,4,5,5,5,4,2,2,2,1,4
82052,11,4,21,"Business",1,0,2,13,22,3.5,5,-99,"7.5",4,3.3,2,2,2,3,4,3,4,2,4,4,5,2,2,4
83797,21,2,19,"Biology",2,0,2,15,3,3.25,24,17,"6.2",4,6.2,1,4.9,2,0,2,3,2,4,3,5,3,3,4,3
92002,20,4,22,"Psychology",2,0,2,18,21,3.15,21,14,"6.4",5,3.8,5,4.2,3,3,3,4,4,4,3,3,3,3,3,4
90374,19,2,20,"Biology",2,0,2,16,0,2.76,14,29,"5.3",NA,4.6,3,1.6,5,4,4,4,4,4,5,2,3,3,3,3
15375,16,2,19,"Other",4,0,2,12,20,2.81,3,26,"6.1",4,6.6,3,4,5,0,4,4,4,3,4,3,2,2,1,2
94588,24,3,21,"Other",2,1,2,18,2,2.97,20,18,"6.3",6,4.9,3,7.2,2,3,4,4,2,4,3,3,4,3,4,4
38129,15,4,21,"Humanities",1,1,2,17,1,3.32,15,25,"5.3",3,5.8,4,3.9,6,2,3,3,4,3,4,3,2,2,2,1
79695,15,1,19,"Humanities",1,0,2,14,28,3.3,13,15,"6.7",3,7,3,0.5,2,1,2,2,1,3,3,4,3,4,3,4
76400,16,4,21,"Other",4,1,2,15,27,3.15,13,16,"5.9",6,4.9,4,4.5,0,2,2,1,1,3,2,3,1,2,3,3
68684,19,2,21,"Psychology",1,0,2,12,17,2.73,18,20,"not reported",5,6.4,1,5.6,3,1,2,5,3,3,4,3,3,2,3,5
23410,28,3,21,"Business",2,0,2,17,24,2.72,22,27,"6.5",4,4.9,3,4.8,3,1,3,5,5,4,4,4,2,3,3,2
61785,7,2,19,"Humanities",2,1,2,17,12,3.47,1,15,"8.8",3,4.5,6,3.5,3,1,1,1,2,2,2,2,2,1,1,3
73091,9,2,20,"Biology",3,1,2,18,10,3.1,9,17,"7.8",5,7,4,5.6,4,1,5,2,3,4,4,2,2,2,3,1
20645,16,2,19,"Biology",4,0,2,15,0,3.08,22,22,"7.0",7,5.1,2,5,4,1,3,4,3,4,4,4,4,3,3,3
99290,13,2,19,"Biology",2,0,2,17,10,3.72,8,16,"9.0",5,3.1,4,5.2,1,1,2,1,3,3,1,3,3,3,4,2
11185,10,1,19,"Engineering",1,1,2,15,21,NA,7,15,"8.0",5,4.6,4,2,2,0,3,4,3,3,2,4,2,2,1,1
21771,20,4,22,"Biology",3,0,2,15,11,3.52,26,25,"8.7",6,4.2,1,3.6,2,4,4,3,3,5,5,4,4,3,3,5
43866,22,1,18,"Other",2,0,2,18,0,3.21,24,11,"7.1",6,4.9,3,3.7,0,1,3,1,3,2,2,2,5,2,4,4
49680,18,1,18,"Biology",1,0,2,14,27,3.45,16,19,"7.9",6,NA,4,4.9,1,0,2,3,3,5,3,3,3,3,3,2
81113,23,2,19,"Engineering",3,9,1,16,0,3.78,-99,16,"7.5",5,3.8,3,3.9,2,0,3,3,1,2,4,3,5,4,3,5
88951,39,3,20,"Other",3,1,2,18,28,2.79,26,33,"6.3",4,4.2,2,2.5,7,2,5,5,5,3,4,4,4,5,2,2
33327,NA,4,25,"Humanities",2,0,2,18,3,3.18,3,21,"7.1",5,5,2,2.4,4,4,4,3,3,2,4,1,1,2,3,1
54690,24,2,21,"Biology",1,1,2,16,15,2.89,8,23,"5.3",7,3.2,3,3.6,2,0,5,3,3,3,3,4,2,2,1,3
22894,15,2,19,"Business",3,1,2,13,10,NA,18,12,"5.6",7,5.9,0,6.8,5,2,4,3,2,5,2,4,2,4,4,4
10174,4,3,21,"Biology",2,0,2,18,17,3.04,17,18,"7.8",4,6.3,4,3,1,2,3,3,2,5,4,1,1,2,3,1
23071,2,4,21,"Psychology",3,1,2,13,6,3.79,0,14,"7.0",3,6.8,2,3.1,1,1,2,4,2,1,2,1,1,1,4,2
82062,27,4,22,"Engineering",1,1,2,18,34,3,22,19,"6.8",7,5.1,1,6.1,2,1,3,2,4,1,1,3,3,4,3,4
14336,18,1,20,"Biology",1,0,2,18,8,NA,18,15,"6.9",4,6.3,2,3.9,6,1,4,4,3,4,3,3,4,2,3,2
29230,25,4,21,"Psychology",3,0,1,18,9,3.42,31,23,"7.0",8,5.9,4,2.1,1,1,2,3,4,4,4,3,4,4,5,3
62543,13,2,19,"Other",1,0,2,18,0,3.22,13,21,"7.1",5,4.7,2,1.7,3,0,3,4,4,2,3,2,2,3,1,1
62945,16,1,19,"Biology",2,0,2,14,3,NA,12,6,"not reported",8,3.9,1,4.3,4,2,5,2,1,2,1,3,5,2,3,4
75060,24,2,20,"Other",4,0,1,13,28,3.6,28,13,"7.4",9,5.2,2,5.7,4,1,1,2,2,1,1,4,5,5,3,4
41208,14,2,20,"Humanities",3,0,2,15,29,3.33,20,16,"6.8",4,6.1,5,5,3,2,3,3,1,4,3,3,4,2,5,5
83946,24,3,20,"Humanities",2,0,1,17,0,3.29,35,20,"7.0",6,5.6,3,8.7,6,1,3,3,4,3,3,4,3,5,5,5
61830,7,4,22,"Other",NA,0,2,18,12,2.15,13,-99,"6.0",4,5.3,3,2.7,3,1,4,2,5,3,3,1,3,3,3,4
75022,11,1,18,"Business",1,0,1,15,0,NA,15,26,"7.1",3,7,5,3.7,4,1,4,3,5,4,3,4,2,2,1,4
85143,22,4,22,"Other",1,1,1,14,3,2.92,20,16,"7.5",6,5.5,3,5,0,3,2,3,2,4,1,5,4,4,5,4
15029,25,1,18,"Business",1,0,2,13,29,3.08,14,15,"6.7",7,6.1,1,3.8,NA,3,2,5,3,3,4,5,4,3,3,3
74159,26,1,19,"Humanities",1,0,2,18,0,3.11,27,25,"6.6",6,3.4,2,3.1,0,3,3,4,3,3,3,2,3,4,3,2
57179,17,3,20,"Other",NA,0,2,18,11,3.26,22,23,"6.9",7,3.3,3,4.9,4,2,3,3,5,2,4,4,3,2,3,4
18163,18,3,20,"Other",1,0,2,16,3,2.5,22,15,"7.6",3,7,3,3.7,2,2,5,4,5,2,4,3,4,3,4,3
73916,0,3,20,"Biology",2,1,2,12,0,NA,4,11,"8.3",3,7,3,3.9,3,0,2,4,1,3,3,2,2,1,3,2
70661,21,2,19,"Engineering",4,0,1,14,32,2.64,30,18,"6.5",8,4.8,2,6.4,NA,0,1,3,1,1,3,4,2,4,4,5
21603,20,1,20,"Engineering",1,0,2,17,26,NA,23,-99,"5.0",5,5.4,2,6.9,2,0,2,3,2,2,3,5,3,4,5,5
46724,3,4,22,"Business",4,1,2,16,19,3.35,0,17,"not reported",5,4.5,3,3.1,3,2,4,3,4,3,3,1,3,2,1,2
81062,NA,2,21,"Psychology",2,0,2,16,14,3.11,13,20,"not reported",4,4.7,2,3.2,3,1,3,3,3,2,2,1,3,3,2,3
28598,23,1,18,"Humanities",1,9,2,17,0,NA,26,26,"7.3",NA,4.1,5,5.4,3,1,3,2,2,4,3,3,4,1,3,3
35053,35,1,19,"Psychology",1,0,1,12,1,2.96,42,21,"6.2",8,5.3,0,5.4,2,2,3,5,5,3,5,5,5,5,5,5
70549,5,4,23,"Humanities",1,0,2,18,0,3.11,14,17,"5.1",3,NA,1,4.5,0,2,2,1,1,2,3,1,3,3,2,1
14554,16,2,19,"Psychology",2,0,2,13,18,2.51,16,20,"6.3",7,5.9,3,5.8,1,0,5,4,3,4,5,5,4,2,3,4
78060,22,2,20,"Engineering",2,0,2,14,2,2.88,20,21,"6.3",7,3.5,4,7.4,3,2,2,3,4,5,1,4,2,4,3,3
16781,19,2,19,"Other",4,0,2,15,22,3.49,11,18,"8.1",6,7,1,2.5,1,0,2,2,3,3,3,2,3,2,2,5
41200,10,1,19,"Other",1,0,2,15,27,3.87,12,19,"8.3",4,4.7,5,6.8,1,1,4,5,4,4,4,4,3,4,4,4
29614,15,1,19,"Biology",3,0,1,14,24,3.4,18,14,"8.6",6,6.7,5,3.7,4,5,3,2,4,2,4,2,3,5,4,3
12261,NA,3,21,"Engineering",4,0,2,14,0,3.2,7,17,"7.6",5,6.1,2,3.2,1,1,2,4,2,1,4,2,1,1,1,1
75403,11,1,23,"Engineering",1,0,1,16,15,NA,-99,15,"7.4",4,6.3,2,6,1,2,1,3,4,1,2,3,1,4,2,2
56996,18,1,18,"Other",1,1,2,14,0,NA,14,23,"8.4",5,3.8,2,4.9,6,0,2,4,3,4,4,3,2,2,1,2
40112,14,4,22,"Humanities",2,0,2,15,1,3.25,14,16,"7.4",3,4.3,4,5.3,3,0,2,2,2,2,3,3,4,3,3,3
69569,28,1,18,"Psychology",1,1,2,15,29,3.2,20,-99,"5.3",5,4.3,1,6.6,4,1,3,4,4,5,3,5,5,3,5,3
34962,16,4,22,"Humanities",2,0,2,15,26,3.13,21,15,"5.5",NA,4.3,1,2.5,3,0,1,1,2,4,2,3,4,4,4,5
14881,26,1,19,"Business",1,0,2,13,0,3.45,19,17,"6.9",7,4.6,5,4.4,1,0,3,2,3,5,1,3,3,3,4,2
26833,22,1,19,"Biology",1,0,2,13,0,2.68,21,16,"5.4",5,3.2,4,5.8,2,3,2,3,2,3,3,3,2,2,3,4
73364,9,3,20,"Business",1,0,2,14,1,3.64,1,10,"6.6",5,2.5,3,3.5,2,0,2,1,2,1,3,1,2,4,2,4
84234,22,2,19,"Other",4,1,2,15,26,2.24,13,17,"7.8",6,5.3,2,2,3,0,3,5,2,4,4,4,1,4,3,3
92948,22,4,21,"Biology",1,0,2,18,2,3.24,23,24,"7.5",4,4.6,4,5.2,2,2,3,2,3,4,3,3,1,2,5,3
10021,17,4,23,"Biology",3,0,2,16,20,2.98,18,21,"not reported",5,5.7,2,4.1,5,4,2,5,3,4,4,4,3,4,3,2
31098,10,1,19,"Biology",1,0,1,14,22,3.82,5,-99,"7.7",6,5.6,2,6.4,3,1,4,3,3,3,2,1,1,1,3,1
95050,28,3,27,"Other",1,1,2,14,26,3.47,26,25,"7.7",6,4.3,2,8.5,NA,2,3,4,2,3,4,5,5,5,4,5
44955,33,3,21,"Biology",2,0,1,18,0,2.55,20,32,"6.4",NA,4.3,1,7.2,5,1,4,4,5,4,5,5,5,5,5,4
35629,10,2,19,"Humanities",NA,1,2,12,20,2.43,16,-99,"not reported",3,5.2,2,2.7,2,2,3,5,3,3,3,4,4,3,5,1
82216,17,4,21,"Psychology",3,1,1,15,0,3.37,25,27,"8.0",5,4.6,4,5.2,1,1,3,4,4,5,4,2,4,5,4,5
78430,NA,4,22,"Engineering",2,1,1,12,1,3.3,25,17,"not reported",9,4.2,1,7,0,1,3,4,2,1,1,5,5,4,5,5
81303,4,4,23,"Engineering",2,0,1,14,3,3.9,12,12,"7.6",6,4.8,3,3.7,2,1,3,5,2,2,3,1,2,4,1,3
63521,9,3,20,"Humanities",3,0,2,16,1,3.07,9,19,"6.7",NA,4,3,5.2,3,3,3,2,2,4,3,1,3,4,2,1
66132,5,3,20,"Business",4,0,2,14,0,NA,9,27,"6.3",4,6.6,5,6.1,5,1,5,5,5,5,4,2,3,1,3,2
28144,0,4,21,"Psychology",1,0,2,16,0,3.16,1,8,"7.2",5,4.5,6,3.9,1,2,1,3,1,1,2,2,2,1,1,2
89358,7,4,21,"Humanities",2,0,2,15,12,2.91,16,9,"8.5",5,6.3,4,6.1,NA,1,2,3,1,4,3,4,5,5,4,4
15663,16,4,21,"Psychology",1,0,2,15,13,2.97,7,14,"6.6",5,3.9,4,2.4,4,2,3,4,3,3,5,1,1,4,3,3
29342,18,3,21,"Biology",2,0,2,13,0,3.13,12,19,"7.5",4,4.6,3,6,1,4,4,2,5,4,4,4,4,5,3,3
13856,31,1,18,"Biology",1,0,1,17,1,NA,26,26,"6.4",6,4.6,2,3.9,7,2,5,5,3,4,4,4,3,4,2,2
31302,13,4,21,"Biology",3,0,2,16,16,3.43,10,15,"6.3",NA,NA,4,2.1,1,3,2,3,1,3,3,2,3,1,2,3
78273,7,3,20,"Engineering",4,0,2,14,12,3.3,0,18,"7.2",6,6.5,4,0.5,2,0,2,3,4,3,4,2,2,1,2,2
62907,16,2,24,"Biology",4,0,2,16,0,3.63,9,22,"not reported",8,4.3,1,5.3,7,2,4,5,3,2,3,1,3,3,3,4
33494,29,2,23,"Humanities",2,0,2,14,0,3.52,25,20,"7.6",6,5,5,5,3,1,3,2,4,3,5,4,3,5,3,4
58444,13,1,18,"Business",1,0,2,13,11,3.02,17,20,"7.3",NA,3.4,4,3.1,2,0,4,3,3,4,2,2,4,2,3,3
37355,21,2,20,"Biology",1,0,2,16,0,3,14,12,"7.6",7,2.9,4,3.9,2,1,4,2,2,3,3,4,3,1,3,3
89660,11,2,21,"Other",4,0,2,13,0,3.7,16,17,"6.1",3,5.8,1,6.2,7,2,1,1,3,1,2,3,4,3,3,3
42932,15,3,25,"Engineering",2,9,2,14,23,3.06,6,23,"5.5",3,5,1,4,3,2,3,4,2,3,3,2,1,1,2,1
70260,2,1,18,"Humanities",1,1,2,13,19,NA,10,23,"6.0",5,5.9,5,3.7,4,2,3,2,2,3,5,1,2,3,2,1
14562,31,1,19,"Other",1,1,2,16,1,3,24,19,"7.3",7,5.3,3,6.9,2,0,5,5,5,4,5,3,5,5,5,5
13402,14,1,18,"Humanities",1,1,2,17,30,3.54,16,21,"6.6",NA,5.1,3,3.4,4,0,4,3,3,3,2,4,2,4,3,2
26644,14,1,18,"Psychology",1,0,2,18,0,3.53,11,17,"not reported",4,5.8,3,6,2,4,4,1,3,3,2,2,3,1,4,4
22430,5,4,22,"Humanities",4,0,2,13,25,2.9,12,-99,"7.0",7,4.6,1,4.7,5,3,3,4,5,4,2,4,3,4,3,3
35575,20,1,18,"Humanities",2,1,2,12,1,3.21,13,31,"8.0",5,NA,6,6,3,0,5,4,4,4,4,3,3,2,2,3
93849,14,1,18,"Other",1,0,2,16,2,3.27,5,16,"not reported",4,4.5,6,4.7,1,1,4,4,3,4,4,2,2,3,1,1
60162,11,1,18,"Psychology",1,0,2,17,2,2.92,16,16,"7.6",6,5,3,4.5,0,0,2,2,4,2,3,3,3,2,4,5
99171,17,1,20,"Psychology",1,9,2,16,18,NA,24,12,"8.6",7,2.7,3,5.7,6,1,3,4,4,4,4,4,5,4,5,3
65815,4,1,24,"Business",1,0,2,12,3,3.38,6,22,"8.1",3,6.1,4,1.8,NA,4,4,2,4,4,2,1,1,2,2,2
14789,21,2,19,"Psychology",2,0,2,18,21,3.54,24,17,"6.7",4,5.8,2,6,2,2,3,4,4,1,1,4,4,5,3,2
84883,3,1,18,"Engineering",3,1,2,17,18,2.47,12,-99,"6.0",3,7,4,2.2,NA,2,2,4,2,3,2,4,2,2,2,1
43616,16,4,21,"Engineering",4,0,1,13,0,3.61,15,15,"7.8",6,4.6,1,6.2,2,1,2,2,1,2,2,4,5,4,5,4
98432,18,1,18,"Biology",1,0,1,17,13,3.1,13,15,"8.1",7,4.7,2,6.4,2,1,2,2,1,3,2,4,3,4,3,5
18559,10,3,20,"Humanities",3,0,2,18,15,3.41,14,18,"7.0",3,6.8,0,5.8,3,1,4,3,1,1,2,1,3,3,2,3
61359,22,2,19,"Other",2,0,1,12,4,3.3,17,23,"6.5",7,3.9,2,5.8,4,2,2,1,3,2,2,3,3,2,5,2
64329,14,2,20,"Humanities",3,0,1,14,18,2.98,13,11,"7.7",4,5.6,2,3.4,5,0,2,1,1,1,1,5,3,4,3,5
27616,10,1,18,"Other",1,9,2,15,24,3.5,19,7,"8.2",NA,4.7,3,5.4,3,1,1,3,3,1,1,5,5,4,4,4
85253,NA,2,20,"Psychology",4,0,2,15,6,3.65,8,27,"6.7",3,5.1,3,5.4,1,1,4,4,4,4,3,1,2,2,1,3
93407,23,3,20,"Humanities",2,0,1,17,14,3.12,19,12,"7.6",6,3.4,4,5.7,1,0,3,2,4,4,3,5,4,5,5,5
60994,10,2,19,"Business",3,0,2,15,28,2.91,13,20,"6.4",5,6.7,4,3.1,2,1,3,5,4,3,4,1,1,1,1,2
88233,14,1,19,"Other",1,1,2,16,18,3.74,15,15,"6.6",3,3.9,6,4.5,4,0,2,3,1,2,2,2,2,3,1,4
20795,13,1,18,"Business",2,0,2,17,0,NA,24,1,"8.2",6,5,3,3.5,1,0,1,1,1,1,1,4,3,5,5,5
91409,13,1,18,"Humanities",3,1,2,12,0,2.61,18,17,"7.9",3,5.1,3,4.9,0,4,1,1,2,1,1,4,3,4,3,4
59849,21,4,22,"Humanities",3,0,2,16,20,2.94,29,18,"8.5",7,3.8,1,7.1,1,2,3,4,3,4,2,5,5,5,4,4
96504,18,3,28,"Psychology",2,0,2,13,1,3.73,22,24,"6.7",4,5.4,2,4.4,7,1,4,3,2,2,3,5,3,5,3,3
63445,17,2,19,"Humanities",4,0,2,12,28,2.99,7,-99,"6.4",5,NA,7,3.3,2,2,2,3,5,4,5,2,2,1,1,1
27953,2,1,18,"Business",1,0,2,16,16,3.82,12,9,"not reported",3,7,4,5.8,2,0,1,3,1,2,2,3,1,4,3,2
57017,11,1,18,"Business",1,1,2,16,31,3,-99,23,"6.9",6,NA,5,3.5,2,2,4,5,4,4,3,3,2,2,4,1
54937,NA,3,20,"Engineering",1,0,2,13,2,2.72,21,14,"7.6",8,3.6,3,2.6,4,0,4,4,4,4,2,4,5,4,5,5
29663,22,4,22,"Psychology",4,1,2,12,0,3.46,12,20,"7.0",8,5.3,3,4.1,4,1,3,4,3,4,2,3,3,2,2,3
25184,20,4,22,"Psychology",2,0,2,16,10,3.86,11,17,"6.2",4,4.7,3,4.3,2,2,3,2,4,2,1,2,3,4,3,3
16282,15,4,22,"Business",2,0,2,13,22,3.59,20,11,"8.7",8,2.6,2,5.7,4,2,3,1,3,4,1,4,1,4,5,3
77101,7,1,22,"Business",1,9,2,14,3,NA,-99,16,"7.8",4,3.5,2,5,1,1,1,2,1,3,2,1,3,3,1,2
29722,1,1,18,"Biology",3,9,2,16,11,4,12,17,"9.5",5,4.3,2,5.3,1,3,2,4,1,2,3,3,1,1,2,1
53622,21,1,18,"Psychology",1,0,2,18,10,3.1,0,21,"not reported",7,2.7,3,5.7,3,1,4,4,3,3,4,2,1,1,1,1
56767,28,1,18,"Biology",1,1,1,17,15,2.14,25,27,"4.8",7,4.3,4,0.7,4,2,5,5,5,3,3,3,4,3,3,5
73067,22,1,18,"Humanities",3,0,2,16,24,2.89,26,19,"6.6",6,4.7,3,9.2,3,2,4,1,2,3,2,5,5,5,3,5
43840,18,2,20,"Other",1,1,1,14,30,3.27,13,21,"5.7",7,4.6,4,6.8,2,1,4,3,3,4,1,5,3,4,3,2
78216,17,4,23,"Business",2,0,2,18,31,3.53,-99,17,"not reported",6,4.6,3,4.9,2,1,3,1,2,1,2,4,2,2,3,2
10349,7,4,24,"Engineering",2,9,2,12,15,2.93,14,13,"7.6",5,4.2,1,4.1,2,2,3,2,3,3,2,1,2,3,3,2
87596,16,4,21,"Psychology",2,0,2,13,1,3.74,17,5,"7.8",6,4.4,2,5.1,1,0,2,3,3,2,3,5,4,3,3,3
22511,13,2,20,"Biology",2,0,2,15,0,4,16,16,"7.9",5,4.8,4,6.4,6,4,4,3,2,1,2,2,2,2,3,3
31929,11,2,20,"Biology",1,0,2,17,11,2.63,7,27,"8.2",4,4,6,4.5,6,1,3,4,3,3,4,2,1,1,1,1
24191,22,1,18,"Humanities",3,0,2,15,23,2.74,19,23,"6.6",6,NA,3,4.9,4,2,3,3,4,4,4,1,4,3,3,2
51305,14,2,19,"Psychology",3,1,2,17,0,NA,6,17,"7.7",3,4.2,4,2.9,3,0,2,3,2,2,2,5,1,2,1,2
10544,16,4,23,"Humanities",2,0,2,18,26,2.69,19,29,"6.9",3,5.4,4,4.6,6,2,5,4,4,3,5,1,1,2,2,1
63572,9,4,21,"Engineering",1,0,2,15,28,3.57,10,11,"8.8",NA,5.4,4,4.4,0,0,1,1,1,1,3,3,5,3,4,5
68664,36,2,19,"Humanities",4,0,1,18,18,2.73,40,27,"8.2",9,3.9,4,7,3,1,5,4,5,3,4,4,5,5,4,5
40697,16,3,20,"Psychology",1,0,2,12,11,3.79,22,-99,"8.6",6,4.6,4,4.4,3,0,3,3,3,2,2,4,5,4,5,3
78758,11,2,19,"Biology",1,1,2,12,27,3.3,18,18,"not reported",4,6.4,3,4,3,4,1,1,2,3,4,3,3,3,4,2
10563,17,2,26,"Business",4,0,2,18,24,3.18,19,24,"not reported",4,NA,4,5.3,3,2,3,5,2,3,5,3,2,4,2,2
10419,19,2,19,"Other",4,0,2,13,0,2.98,24,14,"not reported",7,NA,1,6.5,1,1,3,2,3,3,1,5,5,4,4,5
66719,3,4,21,"Humanities",2,0,1,15,0,3.09,14,20,"6.9",5,4.5,2,5.5,5,0,3,3,2,4,1,4,2,3,3,4
22698,9,2,19,"Humanities",2,0,1,13,30,3.45,11,12,"7.9",6,4.9,1,5.3,2,1,2,2,3,1,1,3,5,3,5,3
12866,18,3,20,"Humanities",2,0,1,13,31,2.91,15,11,"4.7",4,5.8,1,2.3,NA,0,2,2,3,1,2,4,5,3,1,4
22852,15,3,20,"Other",3,0,2,18,30,3.32,18,17,"6.5",NA,5,1,2.8,4,2,1,2,3,1,3,4,5,4,4,3
68814,22,4,22,"Engineering",2,1,1,13,27,2.89,12,22,"6.2",5,5.5,1,4.9,6,2,4,5,5,5,4,3,3,2,2,2
31630,19,2,29,"Psychology",1,0,2,16,14,3.37,15,16,"7.2",6,3.1,5,2.5,4,2,3,4,4,4,2,1,2,2,3,5
55646,34,4,22,"Biology",3,0,1,16,23,2.91,24,21,"6.1",4,5.6,3,5.7,2,0,4,5,5,5,5,4,1,4,3,4
58784,18,4,22,"Psychology",4,0,2,17,1,NA,16,20,"8.2",8,NA,4,5.2,4,6,4,5,3,3,2,4,2,3,4,5
12829,14,1,18,"Other",3,0,2,18,2,NA,14,31,"6.3",4,NA,3,2.5,3,2,3,5,5,5,5,3,3,2,3,2
51943,21,3,21,"Humanities",4,1,1,12,24,3.93,19,13,"7.5",4,4.9,3,4.4,4,1,3,2,1,3,2,4,3,3,2,2
22866,17,2,25,"Other",1,1,2,12,30,3.11,20,24,"7.3",4,5.7,2,5.5,6,2,4,5,3,5,3,5,4,2,5,3
26012,38,2,20,"Business",2,1,1,16,0,3.31,26,17,"6.7",9,3.3,3,4.1,3,0,3,3,3,2,1,5,4,4,5,5
74301,4,1,19,"Biology",NA,1,2,14,8,2.47,7,18,"6.6",3,4.6,4,4.1,4,3,3,5,3,4,3,2,1,1,1,1
97831,7,4,21,"Engineering",3,0,2,12,1,2.7,8,20,"6.7",4,5,3,3,NA,0,1,3,2,2,2,1,2,1,2,2
12950,3,1,19,"Engineering",1,0,2,14,15,3.59,26,15,"not reported",5,4,2,3.8,1,1,3,3,2,3,4,5,3,4,4,4
27169,10,2,19,"Business",4,1,2,16,9,3.27,-99,12,"5.7",6,5,3,0.5,3,2,3,4,3,3,2,2,4,2,2,2
64358,24,4,21,"Biology",2,1,2,18,30,2.78,17,23,"6.5",7,3.9,4,5,2,3,4,5,4,3,4,4,3,3,1,4
30044,10,2,21,"Biology",3,0,1,16,27,3.28,5,15,"7.6",6,4.8,4,2.2,4,1,3,2,2,2,4,3,1,2,4,2
50322,10,3,24,"Biology",1,0,2,14,10,4,22,8,"8.4",6,5.1,3,6.4,2,3,2,2,2,1,1,4,3,2,2,4
17278,9,3,20,"Other",1,0,2,17,0,3.41,15,19,"8.2",4,2.9,4,4.9,2,3,4,2,3,3,3,2,2,2,1,4
34263,15,2,19,"Psychology",3,1,2,13,0,3.48,13,17,"8.3",7,5.9,4,1.8,3,4,4,5,3,2,3,3,4,4,3,3
69499,19,3,22,"Engineering",4,0,2,18,16,NA,11,19,"6.5",3,6,2,2.8,3,1,4,4,4,4,3,1,1,2,1,1
40758,26,2,19,"Business",2,0,2,14,19,3.25,27,26,"5.1",5,6.4,2,6.2,5,1,5,4,5,4,4,2,3,3,3,2
21848,30,3,20,"Psychology",2,0,2,13,22,2.77,27,-99,"6.9",NA,6.7,2,1.7,4,2,5,5,5,4,5,4,5,4,4,3
59418,1,1,19,"Engineering",NA,0,2,17,23,3.96,7,15,"6.7",3,4.7,3,3.9,2,1,1,5,3,4,2,1,3,3,2,3
45684,17,2,21,"Psychology",2,0,2,18,1,2.93,21,20,"5.7",5,5,4,1.2,1,1,1,5,5,2,5,4,4,5,3,2
85623,12,4,21,"Business",4,0,2,13,0,2.93,0,18,"8.6",7,5,7,0.7,2,3,4,2,3,3,4,2,1,1,1,1
49349,18,4,21,"Psychology",4,0,2,18,2,3.24,7,-99,"7.3",6,4.3,5,3.3,2,1,5,2,3,1,1,2,2,1,2,1
39097,23,3,21,"Psychology",3,0,2,18,0,3.07,27,20,"7.4",7,4,3,8.8,4,3,4,3,3,4,4,4,4,1,5,3
44125,32,4,21,"Engineering",2,0,2,15,25,3.5,32,13,"6.3",NA,3.5,1,4,2,2,4,3,2,1,1,5,3,4,4,4
52265,2,2,28,"Psychology",2,1,1,13,1,2.86,19,15,"7.9",3,7,4,4.6,3,1,4,3,2,5,3,2,3,2,4,2
53504,19,4,21,"Psychology",NA,0,2,16,2,3.35,16,16,"7.6",4,5.7,4,3.8,1,0,1,1,3,2,2,3,2,2,3,3
72141,32,1,18,"Psychology",1,0,2,13,0,3.1,21,21,"4.6",7,3.8,2,5.2,2,5,5,5,4,4,5,3,3,3,3,5
16484,18,1,19,"Business",1,0,2,12,0,NA,9,17,"7.1",5,4.6,3,3.1,3,0,4,3,3,3,2,3,2,3,2,5
46607,13,1,19,"Engineering",1,0,2,13,14,3.87,7,16,"8.6",5,4.1,4,3.2,1,4,4,1,3,2,3,4,3,1,3,2
36637,4,2,19,"Humanities",2,0,2,15,23,3.54,10,14,"7.6",5,4.8,3,3.6,1,0,4,4,2,1,3,2,2,3,3,1
84123,36,4,21,"Humanities",2,0,2,12,32,2.87,20,28,"5.9",5,4.8,3,4.9,6,3,4,4,4,5,5,2,1,2,2,2
13556,30,2,20,"Humanities",3,0,2,12,0,3.05,22,-99,"6.4",6,5.5,1,6.6,4,2,2,2,2,3,2,4,4,3,3,3
10246,36,3,20,"Engineering",2,0,2,12,0,2.57,29,24,"7.6",6,5.8,4,9.4,5,4,5,4,3,5,4,3,5,4,3,4
84141,21,1,19,"Other",1,1,1,14,30,3.02,27,25,"7.5",6,5.3,4,7.6,5,1,4,4,4,3,5,4,5,4,5,4
39435,14,1,18,"Biology",1,1,1,17,16,NA,10,17,"5.7",3,7,3,4.6,4,2,2,3,2,5,4,3,3,5,2,3
65581,38,1,19,"Humanities",2,1,2,15,12,NA,41,32,"6.3",5,5.9,4,6.4,3,0,5,5,5,5,5,4,5,4,4,5
48528,12,2,20,"Business",2,0,2,12,20,3.57,17,14,"6.9",6,NA,4,3.7,3,1,3,4,4,2,3,3,3,4,4,3
38113,8,4,25,"Other",4,0,2,16,0,3.02,19,23,"not reported",6,6.2,3,5.8,4,1,3,4,4,3,3,4,5,5,3,4
48960,17,2,26,"Humanities",4,0,2,16,0,3.33,8,22,"6.1",5,4.9,4,4.2,1,2,1,2,3,2,3,2,1,1,2,2
17827,10,2,20,"Business",2,0,2,15,0,2.97,20,15,"7.2",3,5.4,4,5.5,3,5,3,3,3,3,1,2,4,4,3,3
56963,20,2,19,"Humanities",2,0,2,15,20,2.9,-99,23,"7.4",5,6.2,4,6.6,NA,1,5,3,3,5,3,4,5,3,4,4
21547,11,2,20,"Psychology",2,0,1,17,0,3.16,14,9,"7.5",4,7,3,5.8,4,1,3,1,2,2,3,3,2,5,3,3
37164,7,2,20,"Psychology",2,1,2,16,2,3.71,18,15,"8.1",5,5.6,6,5,5,2,1,3,2,2,3,4,4,4,5,5
74514,29,1,19,"Humanities",1,0,1,15,0,NA,27,23,"7.2",7,4,2,3.7,4,2,3,3,5,4,4,5,4,3,5,2
54164,10,2,21,"Other",2,1,2,13,11,2.57,17,22,"not reported",6,6.7,5,3.4,1,3,4,5,3,3,3,2,4,3,5,5
44568,5,2,19,"Business",3,1,2,16,0,3.27,7,27,"6.9",5,5.8,2,7.4,5,0,4,3,5,5,4,1,2,1,1,2
18445,12,2,20,"Engineering",3,0,2,12,10,3.62,12,10,"7.9",6,4.9,5,2.1,2,0,3,3,2,2,2,2,4,3,5,4
31295,21,4,21,"Humanities",1,0,2,12,1,2.84,21,25,"8.2",4,4.8,3,4.3,1,1,4,4,2,3,4,3,4,4,2,2
18130,24,1,18,"Other",1,0,2,17,0,3.35,18,19,"6.1",5,6.3,2,5.2,3,2,4,3,4,2,3,5,2,5,5,5
94464,16,4,23,"Business",2,1,1,14,0,2.71,19,20,"6.7",3,7,4,3,2,1,2,4,3,2,1,2,4,4,4,2
64558,20,2,22,"Engineering",1,0,2,16,0,3.19,14,17,"6.3",4,4.7,5,6.3,4,0,2,2,1,3,3,3,4,2,1,3
43577,0,2,20,"Biology",2,0,1,16,1,3.69,5,5,"8.4",5,5.8,3,2.8,2,0,2,1,1,1,2,2,2,3,3,3
89916,22,2,19,"Biology",4,0,2,12,27,2.86,7,21,"6.3",7,3.2,3,3,6,2,3,3,3,3,3,3,3,1,2,2
34656,11,3,20,"Biology",1,0,2,15,12,3.63,19,17,"not reported",3,5.5,6,0.5,3,2,4,3,3,4,1,4,3,3,4,3
61202,19,1,18,"Other",1,0,2,15,2,NA,41,18,"5.6",6,4.1,4,7,5,1,5,2,3,4,3,5,5,3,5,3
62332,8,1,18,"Biology",1,0,2,12,2,NA,7,10,"7.2",4,5.2,2,3.2,1,0,3,3,2,4,1,1,2,1,3,2
71991,19,1,18,"Biology",1,9,2,13,25,3.28,20,23,"7.0",5,7,4,4.1,4,1,4,4,5,4,5,3,5,1,3,4
93630,14,1,18,"Biology",1,0,2,13,8,2.87,0,13,"5.4",6,4.3,1,3.5,3,0,2,3,4,3,2,1,1,1,1,1
32870,12,1,18,"Biology",3,0,2,18,0,3.4,11,18,"5.9",7,4.2,6,2.3,4,1,4,4,5,3,2,3,4,4,4,3
92876,24,1,18,"Psychology",1,0,2,16,12,3.31,19,24,"6.9",5,4,1,6,2,3,2,5,4,2,4,2,3,4,4,4
70120,12,2,22,"Biology",2,0,2,13,12,2.56,8,19,"6.8",4,5.1,4,5,2,0,5,2,3,3,4,2,2,1,3,1
93173,22,2,19,"Biology",2,1,1,12,0,3.23,31,17,"6.5",7,5.4,4,8,5,4,3,3,3,4,5,4,5,4,4,4
34536,24,2,19,"Biology",1,0,1,15,1,2.7,25,15,"6.6",6,4,1,5.7,3,0,3,4,3,4,4,3,3,2,4,4
61548,8,4,22,"Business",1,0,2,17,2,3.62,11,17,"5.9",5,5.2,3,5,3,1,1,2,2,3,2,4,3,4,3,1
92020,10,4,21,"Biology",NA,0,2,15,0,3.4,21,9,"7.4",5,5.5,4,5,2,1,1,1,2,2,1,3,3,1,4,4
37385,15,3,20,"Psychology",3,1,2,15,1,3.58,12,17,"7.5",5,5.3,3,5.1,3,4,2,3,3,2,5,4,2,3,3,2
75758,16,1,19,"Psychology",1,0,2,18,0,3.32,17,-99,"8.9",6,4.3,4,3.4,2,2,2,2,1,3,1,4,3,2,2,3
33603,12,2,19,"Engineering",2,0,2,18,25,2.87,12,23,"8.0",4,5.4,6,6.3,2,2,3,3,5,5,4,1,2,4,3,2
17574,24,2,19,"Psychology",4,0,2,18,31,4,30,14,"8.5",8,NA,3,3.6,2,1,3,2,2,1,2,4,4,5,5,5
10415,19,1,18,"Psychology",1,0,1,14,3,2.91,15,23,"4.3",NA,4.9,2,0.5,0,2,4,4,3,5,3,2,3,3,3,2
88119,17,4,22,"Engineering",2,0,2,17,30,3.22,11,23,"6.9",7,4.3,4,8,7,5,3,4,3,3,4,3,1,4,5,3
31804,15,3,20,"Humanities",3,1,1,12,2,2.76,11,18,"6.7",3,4.8,2,6.4,3,1,2,3,3,4,5,1,3,3,3,2
93595,18,4,22,"Other",2,0,2,18,0,2.94,8,26,"4.6",NA,5.2,3,7,3,1,4,5,5,4,4,1,2,2,1,2
68231,20,1,18,"Humanities",3,0,2,17,17,NA,16,16,"5.2",7,5,2,4.3,3,2,2,4,3,2,2,4,3,5,4,5
56532,17,2,19,"Business",2,0,2,17,13,2.96,25,-99,"7.3",4,6.4,6,6.1,3,0,4,4,5,3,4,4,2,5,2,4
19365,13,3,21,"Psychology",2,0,2,14,11,2.68,6,20,"8.0",NA,5.3,5,2.8,4,1,3,2,3,3,3,1,1,1,3,1
46768,17,1,19,"Business",2,0,2,12,29,NA,9,22,"8.7",5,3.9,5,6.6,4,2,4,2,3,4,2,1,2,2,3,3
46047,12,3,21,"Business",1,1,2,13,24,4,20,16,"9.2",NA,4.1,6,6.6,NA,0,3,2,3,2,4,3,2,1,5,2
21997,8,1,18,"Business",1,0,2,18,28,2.92,-99,15,"5.8",5,5.4,3,5.9,3,1,2,2,4,2,4,3,4,2,5,4
93018,22,1,19,"Humanities",1,0,2,16,21,3.35,17,18,"6.7",5,6.8,1,6.2,6,0,3,5,4,4,3,4,3,3,4,3
79861,18,3,22,"Business",1,0,2,15,0,2.78,21,20,"6.5",5,4.4,2,3.4,NA,4,3,3,4,5,3,4,3,4,1,3
87594,23,1,19,"Biology",1,0,2,13,9,NA,20,22,"6.7",4,5.9,4,4.8,1,1,3,4,5,5,3,3,1,1,3,3
36051,5,3,20,"Business",3,0,2,17,11,3.31,10,18,"6.6",4,6.8,5,2.9,4,0,3,1,3,4,1,2,4,5,1,2
26854,27,1,19,"Other",1,0,2,13,0,3.47,13,30,"6.9",4,5.3,2,4.9,6,1,4,5,5,2,4,3,3,2,2,4
55126,7,3,21,"Engineering",2,0,2,12,0,2.86,5,12,"6.5",4,5.7,5,5.3,3,1,3,3,4,2,4,1,2,3,3,3
55292,10,2,19,"Psychology",2,0,2,12,0,3.04,12,15,"6.5",4,5.8,3,6.7,1,2,2,3,3,2,3,3,2,1,1,2
42182,10,4,22,"Humanities",2,0,2,12,0,3.32,23,20,"7.3",6,4.9,3,4.2,4,3,2,4,3,3,3,4,4,5,3,4
59837,22,2,19,"Business",4,1,1,15,23,3.69,23,20,"6.8",6,5.1,1,3.2,2,1,3,4,4,3,3,3,4,3,4,2
45413,4,3,21,"Business",1,0,2,14,17,3.64,8,-99,"not reported",NA,5.6,2,4.9,1,0,2,1,1,3,2,3,5,2,4,2
96752,22,1,23,"Biology",1,1,2,15,0,NA,9,20,"4.5",4,6,1,2.5,2,2,4,4,4,5,5,2,2,2,2,2
51354,30,2,30,"Other",2,9,2,17,3,3.16,19,18,"6.7",7,3.7,0,3.1,2,2,1,2,1,2,4,3,4,4,3,3
36363,NA,2,19,"Business",1,1,2,18,30,3.11,13,23,"8.0",4,6,4,5.3,2,2,3,3,5,4,3,2,3,5,4,4
75163,17,4,21,"Psychology",2,1,2,13,2,3.55,19,30,"7.6",3,6.7,7,2.4,1,0,5,4,5,5,4,4,4,1,2,4
81508,20,3,20,"Engineering",3,1,2,15,0,3.48,26,12,"8.0",4,5.3,1,5.6,1,0,2,3,2,1,2,2,4,2,4,3
57018,24,1,19,"Psychology",1,0,2,16,0,3.17,18,11,"6.5",4,7,3,5.6,4,1,2,1,1,4,1,3,4,3,2,3
30059,19,2,20,"Biology",2,1,1,14,31,NA,26,14,"7.3",6,4.4,3,8.4,1,3,2,2,1,3,3,4,5,4,5,4
67509,16,4,22,"Other",1,0,1,17,1,2.77,12,22,"7.7",6,NA,3,6,1,4,2,3,4,2,2,5,3,4,4,3
39659,4,4,22,"Biology",2,0,2,14,1,3.64,12,17,"7.5",4,4.4,4,4,1,1,4,2,2,4,5,1,3,1,1,1
97230,19,1,18,"Engineering",1,1,2,12,2,3.6,11,18,"7.5",3,4.5,5,7,2,0,3,2,4,3,2,2,1,3,2,2
40328,0,2,19,"Business",2,0,2,16,28,3.78,-99,-99,"7.1",6,4.1,3,3.5,3,1,1,2,1,2,1,1,1,1,2,1
82110,3,3,20,"Humanities",2,0,1,18,11,3.41,10,24,"7.4",5,5.5,5,6.3,3,2,3,3,1,4,2,3,3,2,2,2
49805,24,3,20,"Psychology",2,0,2,16,26,2.79,24,19,"7.6",5,6.4,3,4.5,1,1,4,5,3,1,2,5,3,4,5,5
87482,8,1,18,"Engineering",3,0,2,14,30,2.73,-99,21,"7.8",6,3.1,5,5.2,NA,1,4,4,4,3,2,2,1,2,1,4
65754,18,4,21,"Biology",2,0,2,14,27,3.39,19,16,"not reported",6,4.7,4,6.8,NA,2,2,3,3,2,2,4,3,5,3,3
36238,3,3,20,"Business",2,0,2,17,0,3.13,17,6,"8.7",3,5.6,3,2.7,1,1,1,2,2,2,2,4,3,5,4,4
29465,26,1,18,"Biology",1,1,1,18,0,NA,26,15,"6.5",6,4.9,2,5,2,0,3,5,2,3,3,5,4,5,4,5
14966,18,1,19,"Psychology",1,0,2,16,2,2.83,27,17,"7.9",5,5.1,2,3.2,NA,2,2,2,4,4,3,5,5,5,4,4
98065,11,2,19,"Psychology",1,1,2,12,0,3.4,0,10,"5.8",3,3.6,2,2.7,1,1,2,5,1,2,2,1,1,1,1,1
91655,39,3,20,"Business",4,1,2,17,32,3.32,27,25,"8.4",8,6,1,7,3,0,2,2,5,5,2,4,5,5,5,3
61430,15,3,21,"Business",3,1,2,18,17,3.2,11,14,"7.0",4,4.1,5,4.2,2,1,1,1,2,1,2,4,4,4,3,2
22808,0,4,21,"Psychology",3,0,1,17,5,3.61,6,11,"7.8",7,4.6,5,5.4,2,1,2,2,4,3,2,4,3,2,3,3
19889,4,1,19,"Other",3,0,2,12,0,NA,17,16,"9.5",5,5.8,4,6,2,2,4,3,2,3,3,3,3,3,3,2
73344,17,3,21,"Engineering",2,0,2,15,34,3.51,9,12,"6.6",3,6.3,1,5.7,3,0,2,2,3,3,3,2,1,4,4,3
39766,18,4,31,"Psychology",1,1,1,17,27,3.26,29,20,"8.0",8,3.8,5,6.8,2,2,2,4,3,4,1,4,3,4,4,4
12941,18,1,19,"Psychology",1,1,2,13,13,3.03,20,27,"7.7",6,3.6,4,5.8,3,1,5,5,5,5,5,3,3,5,2,3
51754,8,1,18,"Psychology",3,1,2,13,27,2.35,13,13,"5.8",4,4.9,5,2,1,1,3,2,3,3,4,3,3,2,4,2
21703,19,1,18,"Other",1,0,2,15,29,2.72,25,22,"6.8",3,5.2,3,4,1,2,3,4,4,5,3,4,4,5,3,3
46257,NA,2,20,"Psychology",3,0,1,18,26,3.07,24,19,"6.7",7,4.1,4,5.3,2,0,2,4,4,4,1,3,4,4,4,3
73637,9,2,19,"Humanities",3,0,2,13,17,2.91,17,10,"8.2",6,5.8,3,5,3,1,2,3,1,3,2,3,4,3,4,3
19990,39,2,19,"Engineering",2,9,1,12,0,3.12,28,23,"6.5",7,1.4,3,4.1,2,3,3,3,4,5,2,5,3,5,3,5
64573,21,1,18,"Business",1,0,1,16,28,3.27,16,18,"not reported",4,6.4,1,2.8,1,0,2,2,2,3,4,4,3,2,3,3
12884,28,1,18,"Humanities",4,0,1,17,1,3.16,23,14,"not reported",6,NA,4,5.8,3,0,4,1,4,3,4,5,3,5,4,4
15978,10,1,18,"Business",1,9,2,16,8,NA,8,16,"6.8",3,4.7,3,5,4,1,3,1,3,3,3,1,2,3,1,2
24046,22,4,21,"Psychology",2,0,2,18,25,3.77,22,11,"6.7",7,3.9,6,3.2,2,2,4,4,1,5,4,4,4,4,4,3
93998,19,1,19,"Business",1,0,2,13,16,3.06,19,26,"8.0",4,4.4,3,4.2,1,1,2,3,3,3,4,4,3,3,2,3
36714,14,2,28,"Biology",2,0,1,14,4,3.99,22,13,"8.9",5,6.2,5,4.5,3,2,3,5,3,1,1,2,3,4,5,4
99740,15,3,21,"Engineering",3,0,1,17,0,2.67,18,9,"5.8",6,5.2,1,6.6,2,2,2,1,3,3,1,3,3,3,2,4
11958,6,2,19,"Humanities",2,0,2,12,22,3.53,13,10,"not reported",4,5.9,2,4,2,0,1,4,2,1,1,4,3,3,3,3
43547,3,4,24,"Other",2,0,2,14,21,3.73,19,24,"not reported",5,6.1,5,5.6,4,0,2,2,4,2,3,2,2,3,2,5
43019,20,1,19,"Humanities",3,0,1,12,0,NA,22,5,"7.9",6,5.6,1,5.7,2,2,2,1,2,1,2,3,4,4,3,3
81760,17,3,20,"Biology",4,0,2,12,0,2.7,9,21,"7.6",6,4.9,2,4.7,1,0,5,2,4,3,4,3,2,5,1,2
24126,38,2,20,"Psychology",4,0,2,15,33,2.45,25,32,"5.4",5,5.9,3,4.1,3,2,5,5,5,5,5,3,3,4,3,3
22324,4,2,19,"Humanities",2,0,1,18,0,3.27,0,18,"7.3",5,5,4,4.8,3,1,3,3,2,1,2,2,2,1,2,3
83030,14,2,19,"Psychology",NA,0,2,14,2,3.5,14,16,"6.4",7,4.8,1,5.6,1,3,3,2,1,3,3,5,3,5,3,3
73416,20,4,21,"Psychology",4,0,2,12,0,3.55,16,17,"8.6",8,5.3,5,3.2,NA,0,2,3,3,1,3,4,4,5,5,5
72697,7,3,20,"Business",3,0,1,17,4,4,10,7,"9.2",5,6,3,2.3,2,0,2,1,1,2,2,2,3,3,4,4
88216,33,1,20,"Business",4,1,2,14,32,NA,33,8,"5.9",9,3.5,3,4.1,5,0,4,2,3,2,2,4,4,3,3,3
20248,13,4,22,"Business",NA,0,2,15,0,3.43,20,20,"8.1",6,2.7,5,4.2,0,2,2,3,4,5,1,2,3,3,4,1
49811,10,4,21,"Business",2,0,1,12,22,3.7,25,23,"6.3",6,4.9,3,5.9,0,7,4,3,2,3,2,4,3,3,4,4
72591,15,4,22,"Other",4,0,2,14,11,3.61,17,17,"5.8",4,5.9,3,2.6,2,2,3,2,2,2,3,4,3,3,2,3
57921,NA,4,21,"Business",2,1,1,18,26,2.68,21,32,"7.2",7,4.2,3,4.8,NA,1,4,4,5,5,5,4,2,5,3,3
63365,21,2,19,"Other",3,1,2,17,14,2.38,22,21,"6.0",5,5.3,4,4.5,11,2,5,3,5,4,5,2,3,2,3,5
64652,28,1,18,"Psychology",1,0,1,16,2,3.05,28,27,"6.1",5,3.8,3,4.2,2,2,4,3,4,4,4,4,2,3,3,4
67362,30,4,22,"Biology",1,1,2,14,32,3.68,24,18,"6.4",8,3.8,2,6.8,4,4,3,4,3,4,3,5,4,5,5,5
56778,16,1,22,"Engineering",2,0,1,18,2,NA,23,16,"7.6",4,3.8,3,5.1,6,3,4,3,3,5,3,4,3,2,4,1
64234,39,3,24,"Business",2,1,2,12,2,3.03,35,25,"6.9",NA,3.9,2,5.7,1,3,5,5,5,4,4,4,5,5,5,5
12796,14,4,21,"Psychology",3,0,1,17,21,3.47,-99,19,"7.6",5,4.7,4,4.7,3,0,3,5,2,3,2,5,2,5,5,5
49698,3,4,28,"Psychology",1,0,1,12,13,3.33,17,5,"7.4",6,5.3,3,6,4,1,3,1,2,1,1,4,4,5,4,3
78299,0,4,21,"Psychology",2,0,2,16,0,2.72,9,1,"8.3",4,5.4,7,3.6,2,1,2,2,1,3,1,3,2,3,2,2
92620,15,1,18,"Biology",1,0,2,17,0,2.76,6,24,"6.0",3,4.5,3,2.5,3,1,2,3,3,3,4,1,2,2,1,1
87100,23,1,19,"Other",1,0,2,16,26,NA,18,24,"6.0",6,4.1,2,5,2,1,2,3,2,4,2,4,4,5,4,5
90086,3,4,22,"Other",3,1,1,16,22,3.08,15,17,"7.0",3,7,5,3.7,NA,1,3,4,4,3,3,4,4,3,3,4
27337,16,1,22,"Psychology",1,0,2,12,8,3.36,12,14,"7.5",4,4.4,5,5.1,1,2,3,3,2,4,3,5,4,3,4,2
63114,14,3,20,"Psychology",2,0,1,12,12,3.25,15,15,"7.0",4,5.3,4,5.1,3,0,1,2,3,4,1,3,4,3,4,5
28213,11,2,20,"Business",2,0,2,18,27,3.42,13,14,"7.2",4,4.6,4,4.1,4,1,3,2,1,2,2,5,3,2,4,4
27985,9,2,20,"Engineering",1,0,2,14,0,3.19,13,20,"7.5",4,4.7,4,3.1,5,2,4,1,4,3,5,3,4,3,5,2
32628,11,1,18,"Other",1,0,1,18,0,NA,20,27,"6.6",5,5.2,4,4.2,6,1,3,4,4,4,5,1,4,2,4,2
77746,16,1,19,"Business",1,9,2,12,10,3.46,18,17,"6.6",4,NA,4,5.1,1,0,3,4,2,1,3,4,4,3,3,5
45555,21,1,19,"Engineering",2,0,2,14,21,2.48,26,15,"7.3",NA,4.7,0,2.7,5,2,2,4,1,2,3,4,5,3,3,5
98387,12,2,20,"Other",1,1,2,16,10,3.24,11,9,"8.9",6,3.8,3,4.4,0,0,3,2,2,1,2,4,3,2,4,2
95381,0,2,20,"Business",2,0,2,18,0,3.39,10,10,"8.6",3,5.4,2,2.9,5,0,2,2,4,1,2,3,3,4,2,3
85480,0,1,18,"Humanities",1,0,2,14,9,2.99,3,14,"6.9",4,4.9,4,2.8,4,1,2,3,2,1,1,2,2,2,1,3
20306,14,2,19,"Business",3,0,1,14,17,3.5,18,18,"7.1",5,5,4,8.4,2,1,2,2,3,4,2,3,3,2,2,4
75244,18,3,22,"Other",3,1,1,12,0,3.81,17,21,"7.2",5,3.9,5,4.8,1,2,4,4,2,4,3,3,2,5,3,4
91558,16,3,20,"Humanities",2,1,1,17,0,3.86,19,23,"7.3",4,5.4,5,6.4,3,3,1,2,2,5,3,5,4,5,5,4
88102,20,2,20,"Biology",4,0,1,15,13,2.63,21,19,"6.4",NA,4.9,3,4.8,1,2,4,3,3,4,3,5,4,5,4,5
52813,8,2,21,"Biology",3,1,2,15,0,3.45,17,17,"6.7",4,5.2,3,5.7,4,2,3,4,1,3,3,3,4,4,3,4
55831,7,2,20,"Humanities",1,0,1,16,27,NA,-99,-99,"7.6",5,5.4,2,3.2,0,1,3,4,5,3,1,2,2,1,3,1
20746,3,1,19,"Biology",NA,0,2,12,20,NA,7,15,"7.4",3,4.6,3,5.1,2,2,2,1,1,2,3,1,3,3,2,4
67155,7,3,20,"Psychology",1,0,2,14,0,4,11,12,"8.5",4,4.5,3,7.6,1,1,1,5,3,3,4,2,4,3,1,3
88882,21,4,21,"Humanities",1,9,1,12,2,NA,34,26,"6.9",8,5.7,2,6.9,2,1,3,4,5,3,3,5,5,4,5,5
17634,16,2,21,"Psychology",2,0,2,17,23,3.29,24,18,"7.0",6,5.6,1,0.9,1,1,2,2,2,3,4,2,5,3,4,3
27193,28,2,19,"Biology",4,1,2,14,0,2.72,19,21,"6.8",4,7,4,7.5,7,0,3,4,3,5,3,4,4,2,5,5
74797,3,2,22,"Biology",1,1,2,15,30,NA,9,18,"8.4",6,4.4,6,6.3,2,0,4,3,3,4,4,1,2,3,2,3
80478,5,3,21,"Humanities",2,0,2,17,0,2.59,2,15,"5.5",3,5.3,4,4.5,4,2,4,3,2,3,3,1,1,3,1,2
61246,16,2,19,"Biology",1,0,2,15,19,3.39,9,16,"7.0",NA,2.9,3,3.6,0,0,4,5,4,4,3,3,3,3,2,3
91974,11,1,20,"Other",1,9,1,13,0,NA,23,19,"9.1",5,6.2,4,7.1,NA,1,5,2,2,3,3,2,3,4,4,5
98820,9,1,20,"Humanities",1,1,1,16,29,NA,14,20,"6.9",5,5.1,3,3,1,0,3,4,1,1,3,4,3,4,1,3
46730,16,3,22,"Biology",4,0,2,14,0,3.16,28,17,"not reported",8,4.2,4,4.1,1,2,2,4,4,2,4,2,4,5,5,4
20455,NA,3,21,"Psychology",1,0,2,13,0,4,12,21,"9.1",4,5.2,5,2.5,4,1,2,1,1,3,2,1,2,2,2,1
62623,1,4,21,"Psychology",2,1,2,12,1,2.75,-99,9,"6.7",3,6.2,3,2.2,6,2,3,2,1,5,2,2,3,3,3,2
15760,20,4,22,"Biology",2,0,2,12,15,3.55,16,20,"6.7",4,5,2,6.1,5,2,2,3,2,4,2,5,2,3,4,3
17588,20,3,20,"Business",1,0,2,16,32,2.76,16,25,"6.4",5,6.6,5,2.6,3,1,3,5,5,4,4,2,3,1,4,3
76006,16,3,20,"Other",4,0,2,14,8,NA,23,15,"8.6",5,5.7,3,7.7,4,0,4,2,4,4,3,3,3,4,4,2
76158,8,4,21,"Humanities",3,1,1,15,16,NA,18,14,"6.2",4,6.8,4,5.7,2,1,2,4,3,3,4,3,2,1,3,4
50976,17,2,19,"Humanities",4,9,1,12,0,3.05,20,7,"not reported",5,4.1,3,4.1,3,0,3,2,1,1,2,4,4,3,4,3
38321,9,1,19,"Psychology",1,0,2,15,2,3.12,12,24,"7.6",5,3.4,3,1.6,4,3,4,3,4,5,4,1,2,2,2,2
46397,18,3,24,"Humanities",2,1,2,12,0,2.52,8,29,"5.3",6,3.1,2,2.8,6,5,5,5,4,5,2,3,2,1,2,3
70560,11,1,18,"Biology",1,0,2,18,23,4,10,13,"8.8",4,6.1,4,3.4,0,0,3,3,1,1,3,3,1,2,3,3
38474,8,2,19,"Psychology",2,0,1,17,1,3.75,26,13,"7.3",NA,6.8,2,6.8,2,1,3,2,5,4,4,5,4,4,5,5
37858,14,4,22,"Business",3,1,2,15,0,3.3,18,21,"8.7",5,5.4,4,5.5,3,0,5,4,2,4,3,4,3,4,2,4
47779,6,2,19,"Biology",4,0,2,14,0,NA,14,5,"7.2",7,5,3,4.2,2,1,2,1,1,3,1,4,4,5,3,5
15412,4,1,19,"Psychology",1,1,2,15,0,3.2,3,-99,"8.0",3,5.8,2,5.2,4,2,1,2,2,1,3,2,1,1,4,2
94213,15,1,19,"Psychology",1,1,2,16,0,NA,13,23,"6.7",4,7,3,4.9,4,1,3,2,1,3,2,3,3,1,3,3
74094,20,3,21,"Biology",2,0,2,18,13,3.3,6,29,"6.0",3,4.9,4,2.2,2,3,4,4,4,5,4,1,1,4,1,1
16492,8,2,21,"Biology",2,0,2,12,26,2.98,19,5,"7.3",3,5.4,1,5.4,1,0,1,2,2,1,2,5,3,4,5,4
96815,29,2,19,"Psychology",4,0,1,12,1,3.75,30,15,"7.8",8,4.6,5,3,4,2,2,3,3,3,1,5,5,4,4,5
86216,NA,2,19,"Psychology",4,0,2,13,3,2.98,1,25,"7.6",4,5.8,5,1.7,2,3,3,4,4,3,3,2,1,2,1,2
76651,28,1,18,"Engineering",1,0,1,13,11,2.54,28,23,"6.3",8,5.6,2,7,3,2,4,2,4,4,3,5,3,5,5,3
55465,NA,3,20,"Business",1,0,2,16,25,3.27,27,28,"6.3",7,5.2,6,2.6,3,2,4,5,4,5,5,4,4,3,3,3
30480,0,2,21,"Biology",2,0,2,18,4,3.69,9,21,"8.0",3,5.2,5,3.6,2,0,2,4,3,1,4,1,2,2,2,2
93654,10,1,20,"Business",1,0,1,18,17,NA,8,17,"6.5",5,3.8,3,4.5,1,1,2,4,4,2,2,3,3,4,2,3
59679,25,1,18,"Psychology",4,1,2,17,28,3.66,30,22,"8.0",8,4.4,4,6.4,2,3,2,3,2,3,4,5,5,5,3,3
22052,4,2,19,"Humanities",3,0,2,12,33,3.31,6,21,"7.5",4,5.8,5,2.5,NA,1,1,3,4,3,3,2,2,2,1,3
81458,14,3,20,"Psychology",2,0,2,18,31,3.53,5,26,"7.4",4,5.9,2,4.3,2,1,3,2,5,5,3,3,5,4,1,2
59173,25,2,19,"Psychology",3,0,1,18,28,2.94,31,19,"7.4",5,4.7,2,5.7,2,4,4,5,3,3,4,3,5,4,3,3
59717,16,3,22,"Humanities",3,0,2,18,0,3.64,17,13,"8.0",5,4.4,3,2.3,3,0,5,2,2,2,2,3,1,2,3,4
16391,19,4,21,"Biology",1,0,2,17,0,3.34,21,18,"7.1",7,3.2,2,5.6,6,1,2,1,1,1,2,2,4,5,4,3
47477,20,1,18,"Other",1,0,2,18,25,3.51,26,18,"6.6",6,4.6,3,7.6,6,4,4,3,5,2,4,5,4,4,4,5
79972,21,2,20,"Biology",2,1,2,16,24,2.78,27,22,"5.3",7,4.3,3,8,3,1,4,2,4,4,5,4,4,2,5,4
11264,30,4,22,"Psychology",1,0,1,12,29,3.56,17,15,"8.3",8,3.7,4,8,2,1,3,1,3,4,3,5,5,3,3,4
50704,19,4,21,"Humanities",2,1,2,13,0,2.83,14,18,"4.5",5,5.8,2,5.3,3,0,4,4,3,5,2,3,2,3,2,4
88272,26,1,20,"Psychology",1,9,2,12,17,2.98,33,18,"6.2",6,4.8,2,5.9,3,3,2,2,3,3,2,2,5,5,5,3
76902,23,3,20,"Other",4,1,2,18,0,3.39,-99,22,"8.4",7,NA,1,6.3,2,1,3,3,2,2,4,3,4,3,4,2
11992,19,4,21,"Humanities",2,0,2,12,0,3.4,22,25,"6.6",4,4.7,5,4.1,5,0,4,5,4,5,5,1,4,3,3,5
72238,11,3,20,"Humanities",2,0,2,17,0,3.43,10,16,"7.1",6,5.6,4,4.9,NA,0,3,1,1,1,2,4,2,1,3,4
25892,22,2,19,"Other",2,0,2,17,28,2.65,15,33,"6.7",5,4.8,4,7.8,2,2,4,5,5,3,5,1,3,3,2,1
32704,8,1,19,"Other",1,9,2,14,1,NA,2,18,"9.0",3,7,6,4.4,3,2,3,3,3,3,3,1,1,3,5,1
98226,16,3,20,"Psychology",3,0,2,12,9,3.36,12,16,"7.8",4,NA,2,2.8,NA,1,2,1,4,1,3,3,1,1,2,1
78535,22,4,22,"Psychology",4,1,2,15,11,3.31,11,13,"5.2",7,4.5,3,5.8,3,1,1,1,4,3,4,2,2,4,2,3
15359,19,4,21,"Business",1,0,1,12,25,2.87,13,20,"5.4",3,4.8,3,5.5,5,2,4,5,3,5,5,3,3,3,3,2
62187,16,1,18,"Business",3,1,2,14,13,NA,7,16,"5.8",4,5.3,4,4.3,2,2,1,2,2,2,2,3,1,1,1,2
35018,24,2,19,"Business",2,1,2,12,0,3.28,19,18,"5.8",7,2.7,2,5.8,4,1,3,1,4,1,3,3,5,4,4,5
71138,6,4,22,"Biology",3,1,2,18,22,3.5,8,15,"8.4",NA,4.4,3,7,3,2,4,2,5,3,2,1,1,2,1,2
18272,12,1,19,"Other",1,0,2,14,1,3.04,20,-99,"6.5",6,7,3,2.2,1,0,4,1,1,2,1,4,4,5,5,5
63045,7,1,19,"Biology",4,1,2,14,21,3.98,9,18,"8.4",6,7,3,2.8,2,0,3,3,2,1,2,2,3,3,2,3
49289,14,2,19,"Psychology",2,0,2,12,11,3.54,-99,14,"7.5",4,6.3,2,5.8,3,0,1,2,2,1,2,4,4,2,3,4
26748,29,4,23,"Psychology",2,0,2,18,5,3.37,22,25,"6.4",4,5.5,2,3.2,2,3,4,4,4,3,4,5,5,3,5,3
56077,20,2,20,"Other",2,0,2,17,0,2.91,17,18,"5.4",4,5.2,5,4.8,4,1,2,3,5,2,3,3,1,4,2,3
55538,11,4,21,"Engineering",2,9,2,15,8,3.78,11,-99,"7.8",3,6.6,3,3.6,1,3,2,1,1,1,3,3,3,3,4,3
17398,25,2,19,"Psychology",3,1,1,14,0,2.9,26,32,"7.1",6,5,4,1.6,4,1,4,4,5,5,4,4,4,4,3,5
30642,10,1,18,"Biology",1,9,2,12,3,NA,16,33,"8.7",4,5.4,3,1.1,5,1,5,4,4,5,5,3,1,3,2,1
60772,15,2,22,"Other",3,1,2,13,0,3.89,16,15,"7.2",5,4.9,4,4.8,2,0,2,2,3,3,4,4,5,5,2,3
65384,21,4,22,"Humanities",2,0,2,18,30,3.38,15,16,"5.8",7,3.2,1,4.8,1,1,4,3,2,4,2,2,2,4,4,3
38041,28,2,20,"Humanities",1,1,2,13,0,2.46,20,19,"5.9",5,4.6,4,0.6,4,1,3,4,4,2,3,3,3,3,1,1
47330,10,3,21,"Psychology",2,0,1,18,20,3.07,20,21,"not reported",6,2.9,3,5.3,5,1,1,4,2,3,1,3,4,2,4,3
15602,21,2,25,"Business",3,0,2,12,29,3.36,25,21,"7.1",7,4.9,5,8.2,2,2,4,3,3,3,3,5,3,3,4,5
83954,10,1,18,"Psychology",1,0,1,14,0,3.25,10,23,"7.7",5,4.2,4,4.4,3,1,3,5,3,3,4,1,2,1,1,3
49405,NA,1,19,"Other",1,0,2,15,0,3.35,3,14,"8.4",4,4.8,5,3.5,5,1,2,1,2,2,3,1,1,3,3,2
95631,36,1,18,"Psychology",1,0,1,18,23,NA,43,26,"6.1",9,4.7,1,3.2,3,5,4,4,5,5,4,5,5,5,5,5
76063,17,3,20,"Biology",2,0,2,15,3,3.31,11,15,"7.0",4,5,5,4.8,1,1,4,2,5,3,3,3,3,4,3,3
25605,12,2,19,"Psychology",2,0,2,16,0,2.28,9,21,"5.2",4,4.4,2,6.2,4,2,4,5,4,3,3,1,4,3,3,3
20934,25,2,21,"Biology",1,1,2,13,15,2.69,15,-99,"5.9",6,5.3,3,3,2,1,5,4,3,2,2,5,5,5,5,4
60181,NA,2,20,"Psychology",3,1,2,12,0,3.74,15,-99,"7.5",8,4.2,3,3.8,1,1,2,4,3,1,2,2,4,4,2,5
79513,11,4,21,"Psychology",3,1,2,14,26,3.95,4,14,"not reported",7,5.4,4,3.4,2,0,2,5,2,3,1,2,2,3,2,1
38212,23,3,21,"Other",2,1,1,17,18,3.31,-99,23,"7.4",5,2.9,4,4.2,NA,0,4,2,4,3,3,4,3,5,4,3
25438,5,1,23,"Engineering",3,0,2,17,33,2.69,6,21,"9.0",3,5.5,4,3.6,3,0,4,2,5,3,3,2,3,2,2,1
96147,27,1,18,"Psychology",1,0,1,15,31,2.99,32,25,"6.2",5,6.1,2,7.7,6,4,4,4,4,4,4,4,3,3,5,3
84265,21,4,23,"Engineering",2,0,2,17,26,3.23,17,23,"6.0",4,5.5,3,5.7,1,1,5,4,5,4,5,4,4,3,4,3
94881,9,2,21,"Humanities",1,1,1,13,29,3.34,16,9,"7.9",4,4.9,3,3.6,2,3,1,2,3,3,1,4,3,4,2,3
66380,18,1,18,"Business",1,0,2,12,0,NA,9,24,"6.0",5,4.4,4,5.1,5,0,5,5,5,3,4,1,1,3,1,2
74105,17,4,22,"Psychology",2,0,2,12,21,3.55,5,-99,"7.1",5,4.1,1,3.3,1,1,3,3,2,4,4,4,1,4,1,3
46418,16,4,21,"Engineering",NA,0,2,15,20,2.47,10,21,"5.8",5,5.7,1,7,3,2,3,3,2,4,4,3,2,4,4,2
19643,15,3,20,"Humanities",2,0,2,14,0,2.38,11,-99,"6.1",3,4.8,1,3.8,3,3,5,5,1,5,3,2,3,3,3,3
31229,17,1,18,"Psychology",1,9,2,14,19,3.28,23,16,"7.4",NA,3.2,4,2.7,3,1,2,4,2,1,1,4,5,5,5,4
96655,17,1,18,"Biology",1,0,2,15,12,2.93,13,12,"7.8",6,5.3,3,7.1,1,1,1,2,1,3,2,2,4,1,1,2
96109,12,4,21,"Engineering",2,0,2,18,13,3.23,16,21,"6.5",3,5,3,5.1,4,0,4,5,4,3,3,2,2,2,3,1
79142,13,3,22,"Business",4,1,2,18,21,3.33,24,15,"9.6",4,NA,5,2.8,2,0,4,3,3,2,2,4,2,2,3,1
49534,20,1,19,"Psychology",1,0,2,12,16,NA,16,12,"4.9",5,5.6,2,4.8,4,1,5,2,2,2,1,4,4,5,5,4
26380,17,1,21,"Other",2,1,2,14,0,3.7,0,15,"6.9",3,5.4,5,4.2,3,2,1,1,2,2,2,1,2,1,1,2
88747,15,3,20,"Psychology",3,0,2,18,0,3.15,22,26,"8.1",6,4.1,4,2.6,9,3,4,3,5,5,4,4,3,2,3,4
57905,18,3,21,"Engineering",4,0,2,14,12,2.96,16,15,"6.2",6,6,2,5.2,4,1,1,1,1,2,2,3,3,4,2,4
96948,24,4,21,"Business",3,0,1,12,20,3.05,31,19,"6.9",7,NA,1,7,6,1,3,3,3,5,4,5,5,5,5,5
53017,4,3,21,"Humanities",2,0,1,12,0,3.7,6,2,"not reported",6,3.1,6,2.5,1,0,4,1,1,1,2,1,1,2,4,3
38635,9,1,18,"Business",1,0,2,14,0,NA,2,17,"7.5",3,NA,2,2.3,1,0,4,3,3,3,2,1,2,1,1,1
73301,0,4,21,"Engineering",3,1,2,14,0,3.21,2,15,"6.4",4,5.1,6,3.8,4,2,2,2,3,4,3,2,1,4,1,3
52859,25,1,18,"Engineering",1,0,2,18,0,NA,16,19,"not reported",3,5.5,3,6.3,2,2,3,3,4,3,3,4,2,2,2,3
82133,13,4,21,"Engineering",2,1,2,18,0,3.2,10,18,"6.6",5,6.4,3,3,1,2,3,2,4,2,4,1,2,1,3,3
87890,22,1,19,"Business",4,1,1,18,16,2.24,18,19,"7.4",8,5.7,4,4.4,2,2,3,4,2,2,2,2,4,1,3,3
59233,19,3,20,"Engineering",1,0,1,13,17,2.43,21,17,"5.0",8,4.5,3,4.9,3,2,2,4,5,4,2,5,5,5,5,3
63232,25,3,29,"Engineering",NA,0,2,16,15,3.09,14,13,"6.5",7,4.7,2,2.6,1,2,1,3,2,1,1,3,3,2,5,2
65728,9,2,19,"Psychology",1,0,2,16,17,2.98,14,11,"7.0",3,6,3,3.3,5,2,2,2,1,1,4,1,4,2,4,3
79333,NA,2,19,"Biology",2,0,1,13,0,2.51,11,14,"7.7",4,6.2,5,2.4,5,1,2,1,2,2,2,4,3,1,3,5
